 Product version, Build, Test Name,TestName, TESTSYSTEM run number, Jenkins run Number,JenkinsView, run position, Status, Test Start Date, Test End Date, Test Duration, Files Expected, Files Processed, Files/second, SETUPA Warnings, SETUPA Errors, Upload Warnings, Upload Errors, SETUPA JVM CPU%, Upload JVM CPU%, Notes, JenkinsJob
310,19272,RHEL_SETUPA_310_Upload10K40P1000L,Upload:10K Format:40 Overhead:1000,274,255,PROJECT_A,1,DBG,Fri Oct 23 04:41:20 MST 2015,Fri Oct 23 05:41:35 MST 2015,01:00:15,1034877,1034877,286.273,29,10,1,3,14.569375,5.06,,PROJECT_A_QA_System_Test_SETUPA_Linux_Benchmarks
310,19272,RHEL_SETUPA_310_Upload10K40P1000L,Upload:10K Format:40 Overhead:1000,276,256,PROJECT_A,1,DBG,Fri Oct 23 07:30:19 MST 2015,Fri Oct 23 08:30:34 MST 2015,01:00:15,1042403,1042403,288.3549,29,8,1,3,14.87423611,5.161990741,,PROJECT_A_QA_System_Test_SETUPA_Linux_Benchmarks
310,19272,RHEL_SETUPA_310_Upload10K40P1000L,Upload:10K Format:40 Overhead:1000,278,257,PROJECT_A,1,DBG,Fri Oct 23 10:19:55 MST 2015,Fri Oct 23 11:20:10 MST 2015,01:00:15,1052772,1052772,291.2232,29,10,1,3,14.87659722,5.141851852,,PROJECT_A_QA_System_Test_SETUPA_Linux_Benchmarks
310,19272,RHEL_SETUPA_310_Upload10K40P1000L,Upload:10K Format:40 Overhead:1000,280,258,PROJECT_A,1,DBG,Fri Oct 23 13:02:00 MST 2015,Fri Oct 23 14:02:15 MST 2015,01:00:15,1047196,1047196,289.6808,29,11,4,3,14.771875,5.130315692,,PROJECT_A_QA_System_Test_SETUPA_Linux_Benchmarks
310,19272,RHEL_SETUPA_310_Upload10K40P1000L,Upload:10K Format:40 Overhead:1000,282,259,PROJECT_A,1,DBG,Fri Oct 23 15:51:16 MST 2015,Fri Oct 23 16:51:31 MST 2015,01:00:15,1050332,1050332,290.5483,29,14,4,5,15.03398148,5.251180556,,PROJECT_A_QA_System_Test_SETUPA_Linux_Benchmarks
310,19272,RHEL_SETUPA_310_Upload10K40P1000L,Upload:10K Format:40 Overhead:1000,284,260,PROJECT_A,1,DBG,Fri Oct 23 18:36:56 MST 2015,Fri Oct 23 19:37:11 MST 2015,01:00:15,1062054,1062054,293.7909,29,13,2,5,15.07263889,5.199837963,,PROJECT_A_QA_System_Test_SETUPA_Linux_Benchmarks
310,19272,RHEL_SETUPA_310_Upload10K40P1000L,Upload:10K Format:40 Overhead:1000,286,261,PROJECT_A,1,DBG,Fri Oct 23 21:22:54 MST 2015,Fri Oct 23 22:23:09 MST 2015,01:00:15,1064993,1064993,294.6039,29,9,1,3,15.13868056,5.452638889,,PROJECT_A_QA_System_Test_SETUPA_Linux_Benchmarks
310,19272,RHEL_SETUPA_310_Upload10K40P1000L,Upload:10K Format:40 Overhead:1000,288,262,PROJECT_A,1,DBG,Sat Oct 24 00:06:59 MST 2015,Sat Oct 24 01:07:14 MST 2015,01:00:15,1060798,1060798,293.4434,29,11,3,3,15.15074074,5.378680556,,PROJECT_A_QA_System_Test_SETUPA_Linux_Benchmarks
310,19272,RHEL_SETUPA_310_Upload10K40P1000L,Upload:10K Format:40 Overhead:1000,290,263,PROJECT_A,1,DBG,Sat Oct 24 02:48:10 MST 2015,Sat Oct 24 03:48:25 MST 2015,01:00:15,1054854,1054854,291.7992,29,10,1,3,15.13134259,5.410694444,,PROJECT_A_QA_System_Test_SETUPA_Linux_Benchmarks
310,19272,RHEL_SETUPA_310_Upload10K40P1000L,Upload:10K Format:40 Overhead:1000,292,264,PROJECT_A,1,DBG,Sat Oct 24 05:30:37 MST 2015,Sat Oct 24 06:30:52 MST 2015,01:00:15,1064199,1064199,294.3842,29,7,3,3,15.2380787,5.418680556,,PROJECT_A_QA_System_Test_SETUPA_Linux_Benchmarks
310,19272,RHEL_SETUPA_310_Upload10K40P1000L,Upload:10K Format:40 Overhead:1000,294,265,PROJECT_A,1,DBG,Sat Oct 24 08:16:07 MST 2015,Sat Oct 24 09:16:22 MST 2015,01:00:15,1058143,1058143,292.709,29,9,1,3,15.3675463,5.343935185,,PROJECT_A_QA_System_Test_SETUPA_Linux_Benchmarks
310,19272,RHEL_SETUPA_310_Upload10K40P1000L,Upload:10K Format:40 Overhead:1000,296,266,PROJECT_A,1,DBG,Sat Oct 24 10:59:28 MST 2015,Sat Oct 24 11:59:43 MST 2015,01:00:15,1064828,1064828,294.5582,29,10,3,3,15.38384259,5.416064815,,PROJECT_A_QA_System_Test_SETUPA_Linux_Benchmarks
310,19272,RHEL_SETUPA_310_Upload10K40P1000L,Upload:10K Format:40 Overhead:1000,298,267,PROJECT_A,1,DBG,Sat Oct 24 13:40:55 MST 2015,Sat Oct 24 14:41:10 MST 2015,01:00:15,1057533,1057533,292.5402,29,10,2,3,15.16069444,5.387824074,,PROJECT_A_QA_System_Test_SETUPA_Linux_Benchmarks
310,19272,RHEL_SETUPA_310_Upload10K40P1000L,Upload:10K Format:40 Overhead:1000,300,268,PROJECT_A,1,DBG,Sat Oct 24 16:20:54 MST 2015,Sat Oct 24 17:21:09 MST 2015,01:00:15,1056733,1056733,292.3189,29,8,3,3,15.36143519,5.408912037,,PROJECT_A_QA_System_Test_SETUPA_Linux_Benchmarks
310,19272,RHEL_SETUPA_310_Upload10K40P1000L,Upload:10K Format:40 Overhead:1000,302,269,PROJECT_A,1,DBG,Sat Oct 24 18:58:30 MST 2015,Sat Oct 24 19:58:45 MST 2015,01:00:15,1051367,1051367,290.8346,29,11,1,3,15.32145833,5.376643519,,PROJECT_A_QA_System_Test_SETUPA_Linux_Benchmarks
310,19272,RHEL_SETUPA_310_Upload10K40P1000L,Upload:10K Format:40 Overhead:1000,304,270,PROJECT_A,1,DBG,Sat Oct 24 21:37:24 MST 2015,Sat Oct 24 22:37:39 MST 2015,01:00:15,1056536,1056536,292.2645,29,4,1,1,15.29326389,5.238541667,,PROJECT_A_QA_System_Test_SETUPA_Linux_Benchmarks
310,19272,RHEL_SETUPA_310_Upload10K40P1000L,Upload:10K Format:40 Overhead:1000,306,271,PROJECT_A,1,DBG,Sun Oct 25 00:17:38 MST 2015,Sun Oct 25 01:17:53 MST 2015,01:00:15,1069711,1069711,295.909,29,8,1,3,15.8544213,5.491342593,,PROJECT_A_QA_System_Test_SETUPA_Linux_Benchmarks
310,19272,RHEL_SETUPA_310_Upload10K40P1000L,Upload:10K Format:40 Overhead:1000,308,272,PROJECT_A,1,DBG,Sun Oct 25 02:56:53 MST 2015,Sun Oct 25 03:57:08 MST 2015,01:00:15,1059397,1059397,293.0559,29,14,2,5,15.46381944,5.431064815,,PROJECT_A_QA_System_Test_SETUPA_Linux_Benchmarks
310,19272,RHEL_SETUPA_310_Upload10K40P1000L,Upload:10K Format:40 Overhead:1000,310,273,PROJECT_A,1,DBG,Sun Oct 25 05:40:48 MST 2015,Sun Oct 25 06:41:03 MST 2015,01:00:15,1055750,1055750,292.047,29,8,1,3,15.45347222,5.422106481,,PROJECT_A_QA_System_Test_SETUPA_Linux_Benchmarks
310,19272,RHEL_SETUPA_310_Upload10K40P1000L,Upload:10K Format:40 Overhead:1000,312,274,PROJECT_A,1,DBG,Sun Oct 25 08:21:11 MST 2015,Sun Oct 25 09:21:26 MST 2015,01:00:15,1067253,1067253,295.229,29,11,1,3,15.41900463,5.449513889,,PROJECT_A_QA_System_Test_SETUPA_Linux_Benchmarks
310,19272,RHEL_SETUPA_310_Upload10K40P1000L,Upload:10K Format:40 Overhead:1000,314,275,PROJECT_A,1,DBG,Sun Oct 25 11:04:22 MST 2015,Sun Oct 25 12:04:37 MST 2015,01:00:15,1064556,1064556,294.483,29,8,1,3,15.251875,5.402037037,,PROJECT_A_QA_System_Test_SETUPA_Linux_Benchmarks
310,19272,RHEL_SETUPA_310_Upload10K40P1000L,Upload:10K Format:40 Overhead:1000,316,276,PROJECT_A,1,DBG,Sun Oct 25 13:47:05 MST 2015,Sun Oct 25 14:47:20 MST 2015,01:00:15,1062755,1062755,293.9848,29,12,5,5,15.31368056,5.401875,,PROJECT_A_QA_System_Test_SETUPA_Linux_Benchmarks
310,19272,RHEL_SETUPA_310_Upload10K40P1000L,Upload:10K Format:40 Overhead:1000,318,277,PROJECT_A,1,DBG,Sun Oct 25 16:31:06 MST 2015,Sun Oct 25 17:31:21 MST 2015,01:00:15,1056425,1056425,292.2337,29,12,2,5,15.28532407,5.370347222,,PROJECT_A_QA_System_Test_SETUPA_Linux_Benchmarks
310,19272,RHEL_SETUPA_310_Upload10K40P1000L,Upload:10K Format:40 Overhead:1000,320,278,PROJECT_A,1,DBG,Sun Oct 25 19:13:24 MST 2015,Sun Oct 25 20:13:39 MST 2015,01:00:15,1063447,1063447,294.1762,29,8,1,3,15.65527778,5.425,,PROJECT_A_QA_System_Test_SETUPA_Linux_Benchmarks
310,19272,RHEL_SETUPA_310_Upload10K40P1000L,Upload:10K Format:40 Overhead:1000,322,279,PROJECT_A,1,DBG,Sun Oct 25 21:54:54 MST 2015,Sun Oct 25 22:55:09 MST 2015,01:00:15,1066151,1066151,294.9242,29,9,1,3,15.48189815,5.4075,,PROJECT_A_QA_System_Test_SETUPA_Linux_Benchmarks
310,19272,RHEL_SETUPA_310_Upload10K40P1000L,Upload:10K Format:40 Overhead:1000,324,280,PROJECT_A,1,DBG,Mon Oct 26 00:38:28 MST 2015,Mon Oct 26 01:38:43 MST 2015,01:00:15,1055915,1055915,292.0927,29,8,1,3,15.30722222,5.372430556,,PROJECT_A_QA_System_Test_SETUPA_Linux_Benchmarks
310,19272,RHEL_SETUPA_310_Upload10K40P1000L,Upload:10K Format:40 Overhead:1000,326,281,PROJECT_A,1,DBG,Mon Oct 26 03:23:17 MST 2015,Mon Oct 26 04:23:32 MST 2015,01:00:15,1060500,1060500,293.361,29,10,1,3,15.36821759,5.416273148,,PROJECT_A_QA_System_Test_SETUPA_Linux_Benchmarks
310,19272,RHEL_SETUPA_310_Upload10K40P1000L,Upload:10K Format:40 Overhead:1000,328,282,PROJECT_A,1,DBG,Mon Oct 26 06:08:05 MST 2015,Mon Oct 26 07:08:20 MST 2015,01:00:15,1072070,1072070,296.5615,29,2,1,1,15.25983796,5.290532407,,PROJECT_A_QA_System_Test_SETUPA_Linux_Benchmarks
310,19272,RHEL_SETUPA_310_Upload10K40P1000L,Upload:10K Format:40 Overhead:1000,330,283,PROJECT_A,1,DBG,Mon Oct 26 09:00:41 MST 2015,Mon Oct 26 10:00:56 MST 2015,01:00:15,1068157,1068157,295.4791,29,14,2,5,15.45460648,5.42724537,,PROJECT_A_QA_System_Test_SETUPA_Linux_Benchmarks
310,19272,RHEL_SETUPA_310_Upload10K40P1000L,Upload:10K Format:40 Overhead:1000,332,284,PROJECT_A,1,DBG,Mon Oct 26 11:37:47 MST 2015,Mon Oct 26 12:38:02 MST 2015,01:00:15,1072800,1072800,296.7635,29,14,2,5,15.51738426,5.479259259,,PROJECT_A_QA_System_Test_SETUPA_Linux_Benchmarks
310,19272,RHEL_SETUPA_310_Upload10K40P1000L,Upload:10K Format:40 Overhead:1000,334,285,PROJECT_A,1,DBG,Mon Oct 26 14:11:56 MST 2015,Mon Oct 26 15:12:11 MST 2015,01:00:15,1060704,1060704,293.4174,29,10,1,3,15.02793981,5.336458333,,PROJECT_A_QA_System_Test_SETUPA_Linux_Benchmarks
310,19272,RHEL_SETUPA_310_Upload10K40P1000L,Upload:10K Format:40 Overhead:1000,336,286,PROJECT_A,1,DBG,Mon Oct 26 16:45:14 MST 2015,Mon Oct 26 17:45:29 MST 2015,01:00:15,1063923,1063923,294.3079,29,12,2,5,15.04949074,5.342407407,,PROJECT_A_QA_System_Test_SETUPA_Linux_Benchmarks
310,19272,RHEL_SETUPA_310_Upload10K40P1000L,Upload:10K Format:40 Overhead:1000,338,287,PROJECT_A,1,DBG,Mon Oct 26 19:19:51 MST 2015,Mon Oct 26 20:20:06 MST 2015,01:00:15,1065231,1065231,294.6697,29,10,1,3,15.3431713,5.400856481,,PROJECT_A_QA_System_Test_SETUPA_Linux_Benchmarks
310,19272,RHEL_SETUPA_310_Upload10K40P1000L,Upload:10K Format:40 Overhead:1000,340,288,PROJECT_A,1,DBG,Mon Oct 26 21:57:41 MST 2015,Mon Oct 26 22:57:56 MST 2015,01:00:15,1068717,1068717,295.634,29,8,1,3,15.32118056,5.377731481,,PROJECT_A_QA_System_Test_SETUPA_Linux_Benchmarks
310,19272,RHEL_SETUPA_310_Upload100K40P1000L,Upload:100K Format:40 Overhead:1000,274,255,PROJECT_A,2,DBG,Fri Oct 23 06:03:50 MST 2015,Fri Oct 23 06:24:05 MST 2015,00:20:15,320148,320148,263.4963,2,2,1,0,14.5083045,5.167333627,,PROJECT_A_QA_System_Test_SETUPA_Linux_Benchmarks
310,19272,RHEL_SETUPA_310_Upload100K40P1000L,Upload:100K Format:40 Overhead:1000,276,256,PROJECT_A,2,DBG,Fri Oct 23 08:52:38 MST 2015,Fri Oct 23 09:12:54 MST 2015,00:20:16,320700,320700,263.7336,2,2,1,0,14.73186615,5.163283538,,PROJECT_A_QA_System_Test_SETUPA_Linux_Benchmarks
310,19272,RHEL_SETUPA_310_Upload100K40P1000L,Upload:100K Format:40 Overhead:1000,278,257,PROJECT_A,2,DBG,Fri Oct 23 11:42:21 MST 2015,Fri Oct 23 12:02:37 MST 2015,00:20:16,320815,320815,263.8281,2,2,1,0,14.6589053,5.246483113,,PROJECT_A_QA_System_Test_SETUPA_Linux_Benchmarks
310,19272,RHEL_SETUPA_310_Upload100K40P1000L,Upload:100K Format:40 Overhead:1000,280,258,PROJECT_A,2,DBG,Fri Oct 23 14:24:00 MST 2015,Fri Oct 23 14:44:15 MST 2015,00:20:15,321185,321185,264.3498,2,2,2,0,14.86039489,5.222021183,,PROJECT_A_QA_System_Test_SETUPA_Linux_Benchmarks
310,19272,RHEL_SETUPA_310_Upload100K40P1000L,Upload:100K Format:40 Overhead:1000,282,259,PROJECT_A,2,DBG,Fri Oct 23 17:13:43 MST 2015,Fri Oct 23 17:33:58 MST 2015,00:20:15,324321,324321,266.9309,2,2,1,0,14.88405734,5.257400881,,PROJECT_A_QA_System_Test_SETUPA_Linux_Benchmarks
310,19272,RHEL_SETUPA_310_Upload100K40P1000L,Upload:100K Format:40 Overhead:1000,284,260,PROJECT_A,2,DBG,Fri Oct 23 19:59:32 MST 2015,Fri Oct 23 20:19:48 MST 2015,00:20:16,324231,324231,266.6373,2,2,1,0,14.79171735,5.233061674,,PROJECT_A_QA_System_Test_SETUPA_Linux_Benchmarks
310,19272,RHEL_SETUPA_310_Upload100K40P1000L,Upload:100K Format:40 Overhead:1000,286,261,PROJECT_A,2,DBG,Fri Oct 23 22:45:24 MST 2015,Fri Oct 23 23:05:39 MST 2015,00:20:15,323163,323163,265.9778,2,2,1,0,14.6959277,5.232759635,,PROJECT_A_QA_System_Test_SETUPA_Linux_Benchmarks
310,19272,RHEL_SETUPA_310_Upload100K40P1000L,Upload:100K Format:40 Overhead:1000,288,262,PROJECT_A,2,DBG,Sat Oct 24 01:29:00 MST 2015,Sat Oct 24 01:49:15 MST 2015,00:20:15,319228,319228,262.7391,2,2,1,0,14.77434441,5.129420866,,PROJECT_A_QA_System_Test_SETUPA_Linux_Benchmarks
310,19272,RHEL_SETUPA_310_Upload100K40P1000L,Upload:100K Format:40 Overhead:1000,290,263,PROJECT_A,2,DBG,Sat Oct 24 04:10:53 MST 2015,Sat Oct 24 04:31:08 MST 2015,00:20:15,323510,323510,266.2634,2,2,1,0,14.95690933,5.226023263,,PROJECT_A_QA_System_Test_SETUPA_Linux_Benchmarks
310,19272,RHEL_SETUPA_310_Upload100K40P1000L,Upload:100K Format:40 Overhead:1000,292,264,PROJECT_A,2,DBG,Sat Oct 24 06:53:18 MST 2015,Sat Oct 24 07:13:33 MST 2015,00:20:15,320300,320300,263.6214,2,2,3,0,14.70558472,5.23006507,,PROJECT_A_QA_System_Test_SETUPA_Linux_Benchmarks
310,19272,RHEL_SETUPA_310_Upload100K40P1000L,Upload:100K Format:40 Overhead:1000,294,265,PROJECT_A,2,DBG,Sat Oct 24 09:38:31 MST 2015,Sat Oct 24 09:58:46 MST 2015,00:20:15,322261,322261,265.2354,2,2,1,0,14.82030026,5.229196113,,PROJECT_A_QA_System_Test_SETUPA_Linux_Benchmarks
310,19272,RHEL_SETUPA_310_Upload100K40P1000L,Upload:100K Format:40 Overhead:1000,296,266,PROJECT_A,2,DBG,Sat Oct 24 12:21:53 MST 2015,Sat Oct 24 12:42:08 MST 2015,00:20:15,325296,325296,267.7333,2,2,1,0,14.94810803,5.264825411,,PROJECT_A_QA_System_Test_SETUPA_Linux_Benchmarks
310,19272,RHEL_SETUPA_310_Upload100K40P1000L,Upload:100K Format:40 Overhead:1000,298,267,PROJECT_A,2,DBG,Sat Oct 24 15:03:36 MST 2015,Sat Oct 24 15:23:51 MST 2015,00:20:15,324187,324187,266.8206,2,2,1,0,15.0046975,5.318525074,,PROJECT_A_QA_System_Test_SETUPA_Linux_Benchmarks
310,19272,RHEL_SETUPA_310_Upload100K40P1000L,Upload:100K Format:40 Overhead:1000,300,268,PROJECT_A,2,DBG,Sat Oct 24 17:42:54 MST 2015,Sat Oct 24 18:03:09 MST 2015,00:20:15,323660,323660,266.3868,2,2,1,0,14.90118425,5.236981465,,PROJECT_A_QA_System_Test_SETUPA_Linux_Benchmarks
310,19272,RHEL_SETUPA_310_Upload100K40P1000L,Upload:100K Format:40 Overhead:1000,302,269,PROJECT_A,2,DBG,Sat Oct 24 20:20:31 MST 2015,Sat Oct 24 20:40:46 MST 2015,00:20:15,325571,325571,267.9597,2,2,1,0,14.86746725,5.292743363,,PROJECT_A_QA_System_Test_SETUPA_Linux_Benchmarks
310,19272,RHEL_SETUPA_310_Upload100K40P1000L,Upload:100K Format:40 Overhead:1000,304,270,PROJECT_A,2,DBG,Sat Oct 24 22:59:24 MST 2015,Sat Oct 24 23:19:39 MST 2015,00:20:15,325106,325106,267.577,2,2,1,0,15.00827546,5.287886143,,PROJECT_A_QA_System_Test_SETUPA_Linux_Benchmarks
310,19272,RHEL_SETUPA_310_Upload100K40P1000L,Upload:100K Format:40 Overhead:1000,306,271,PROJECT_A,2,DBG,Sun Oct 25 01:40:15 MST 2015,Sun Oct 25 02:00:30 MST 2015,00:20:15,325734,325734,268.0938,2,2,1,0,15.07340718,5.263639036,,PROJECT_A_QA_System_Test_SETUPA_Linux_Benchmarks
310,19272,RHEL_SETUPA_310_Upload100K40P1000L,Upload:100K Format:40 Overhead:1000,308,272,PROJECT_A,2,DBG,Sun Oct 25 04:20:59 MST 2015,Sun Oct 25 04:41:14 MST 2015,00:20:15,319057,319057,262.5984,2,2,3,0,14.811242,5.256311111,,PROJECT_A_QA_System_Test_SETUPA_Linux_Benchmarks
310,19272,RHEL_SETUPA_310_Upload100K40P1000L,Upload:100K Format:40 Overhead:1000,310,273,PROJECT_A,2,DBG,Sun Oct 25 07:02:53 MST 2015,Sun Oct 25 07:23:08 MST 2015,00:20:15,323860,323860,266.5514,2,2,1,0,14.84614883,5.233062152,,PROJECT_A_QA_System_Test_SETUPA_Linux_Benchmarks
310,19272,RHEL_SETUPA_310_Upload100K40P1000L,Upload:100K Format:40 Overhead:1000,312,274,PROJECT_A,2,DBG,Sun Oct 25 09:43:35 MST 2015,Sun Oct 25 10:03:50 MST 2015,00:20:15,322074,322074,265.0815,2,2,2,0,15.0639738,5.23979351,,PROJECT_A_QA_System_Test_SETUPA_Linux_Benchmarks
310,19272,RHEL_SETUPA_310_Upload100K40P1000L,Upload:100K Format:40 Overhead:1000,314,275,PROJECT_A,2,DBG,Sun Oct 25 12:26:28 MST 2015,Sun Oct 25 12:46:43 MST 2015,00:20:15,326461,326461,268.6922,2,2,1,0,15.1030421,5.248581717,,PROJECT_A_QA_System_Test_SETUPA_Linux_Benchmarks
310,19272,RHEL_SETUPA_310_Upload100K40P1000L,Upload:100K Format:40 Overhead:1000,316,276,PROJECT_A,2,DBG,Sun Oct 25 15:09:54 MST 2015,Sun Oct 25 15:30:09 MST 2015,00:20:15,324722,324722,267.2609,2,2,1,0,15.09954348,5.149472759,,PROJECT_A_QA_System_Test_SETUPA_Linux_Benchmarks
310,19272,RHEL_SETUPA_310_Upload100K40P1000L,Upload:100K Format:40 Overhead:1000,318,277,PROJECT_A,2,DBG,Sun Oct 25 17:53:06 MST 2015,Sun Oct 25 18:13:21 MST 2015,00:20:15,326728,326728,268.9119,2,2,1,0,14.90369728,5.226412057,,PROJECT_A_QA_System_Test_SETUPA_Linux_Benchmarks
310,19272,RHEL_SETUPA_310_Upload100K40P1000L,Upload:100K Format:40 Overhead:1000,320,278,PROJECT_A,2,DBG,Sun Oct 25 20:36:06 MST 2015,Sun Oct 25 20:56:21 MST 2015,00:20:15,321942,321942,264.9728,2,2,4,0,14.84013768,5.298836002,,PROJECT_A_QA_System_Test_SETUPA_Linux_Benchmarks
310,19272,RHEL_SETUPA_310_Upload100K40P1000L,Upload:100K Format:40 Overhead:1000,322,279,PROJECT_A,2,DBG,Sun Oct 25 23:17:38 MST 2015,Sun Oct 25 23:37:53 MST 2015,00:20:15,326270,326270,268.535,2,2,1,0,15.03314493,5.17638154,,PROJECT_A_QA_System_Test_SETUPA_Linux_Benchmarks
310,19272,RHEL_SETUPA_310_Upload100K40P1000L,Upload:100K Format:40 Overhead:1000,324,280,PROJECT_A,2,DBG,Mon Oct 26 02:01:17 MST 2015,Mon Oct 26 02:21:32 MST 2015,00:20:15,342855,342855,282.1852,2,2,2,0,15.51036534,5.323740804,,PROJECT_A_QA_System_Test_SETUPA_Linux_Benchmarks
310,19272,RHEL_SETUPA_310_Upload100K40P1000L,Upload:100K Format:40 Overhead:1000,326,281,PROJECT_A,2,DBG,Mon Oct 26 04:45:01 MST 2015,Mon Oct 26 05:05:16 MST 2015,00:20:15,325360,325360,267.786,2,2,1,0,15.03890339,5.277826725,,PROJECT_A_QA_System_Test_SETUPA_Linux_Benchmarks
310,19272,RHEL_SETUPA_310_Upload100K40P1000L,Upload:100K Format:40 Overhead:1000,328,282,PROJECT_A,2,DBG,Mon Oct 26 07:30:08 MST 2015,Mon Oct 26 07:50:23 MST 2015,00:20:15,321614,321614,264.7029,2,2,1,0,14.75205976,5.211933157,,PROJECT_A_QA_System_Test_SETUPA_Linux_Benchmarks
310,19272,RHEL_SETUPA_310_Upload100K40P1000L,Upload:100K Format:40 Overhead:1000,330,283,PROJECT_A,2,DBG,Mon Oct 26 10:23:27 MST 2015,Mon Oct 26 10:43:42 MST 2015,00:20:15,324857,324857,267.372,2,2,1,0,14.8802582,5.301015004,,PROJECT_A_QA_System_Test_SETUPA_Linux_Benchmarks
310,19272,RHEL_SETUPA_310_Upload100K40P1000L,Upload:100K Format:40 Overhead:1000,332,284,PROJECT_A,2,DBG,Mon Oct 26 13:00:27 MST 2015,Mon Oct 26 13:20:42 MST 2015,00:20:15,329108,329108,270.8708,2,2,1,0,15.17764723,5.289339207,,PROJECT_A_QA_System_Test_SETUPA_Linux_Benchmarks
310,19272,RHEL_SETUPA_310_Upload100K40P1000L,Upload:100K Format:40 Overhead:1000,334,285,PROJECT_A,2,DBG,Mon Oct 26 15:34:09 MST 2015,Mon Oct 26 15:54:24 MST 2015,00:20:15,331696,331696,273.0008,2,2,1,0,15.12498558,5.26630149,,PROJECT_A_QA_System_Test_SETUPA_Linux_Benchmarks
310,19272,RHEL_SETUPA_310_Upload100K40P1000L,Upload:100K Format:40 Overhead:1000,336,286,PROJECT_A,2,DBG,Mon Oct 26 18:07:18 MST 2015,Mon Oct 26 18:27:33 MST 2015,00:20:15,323822,323822,266.5202,2,2,1,0,14.94245515,5.316894073,,PROJECT_A_QA_System_Test_SETUPA_Linux_Benchmarks
310,19272,RHEL_SETUPA_310_Upload100K40P1000L,Upload:100K Format:40 Overhead:1000,338,287,PROJECT_A,2,DBG,Mon Oct 26 20:42:21 MST 2015,Mon Oct 26 21:02:36 MST 2015,00:20:15,324844,324844,267.3613,2,2,1,0,14.92649405,5.301479682,,PROJECT_A_QA_System_Test_SETUPA_Linux_Benchmarks
310,19272,RHEL_SETUPA_310_Upload100K40P1000L,Upload:100K Format:40 Overhead:1000,340,288,PROJECT_A,2,DBG,Mon Oct 26 23:20:09 MST 2015,Mon Oct 26 23:40:24 MST 2015,00:20:15,326601,326601,268.8074,2,2,1,0,14.70838375,5.268416813,,PROJECT_A_QA_System_Test_SETUPA_Linux_Benchmarks
310,19272,RHEL_SETUPA_310_Upload1M40P1000L,Upload:1M Format:40 Overhead:1000,274,255,PROJECT_A,3,DBG,Fri Oct 23 06:39:19 MST 2015,Fri Oct 23 06:44:34 MST 2015,00:05:15,32695,32695,103.7937,2,2,3,0,8.763768116,3.694007092,,PROJECT_A_QA_System_Test_SETUPA_Linux_Benchmarks
310,19272,RHEL_SETUPA_310_Upload1M40P1000L,Upload:1M Format:40 Overhead:1000,276,256,PROJECT_A,3,DBG,Fri Oct 23 09:27:34 MST 2015,Fri Oct 23 09:32:49 MST 2015,00:05:15,33639,33639,106.7905,2,2,1,0,8.801737452,3.505208333,,PROJECT_A_QA_System_Test_SETUPA_Linux_Benchmarks
310,19272,RHEL_SETUPA_310_Upload1M40P1000L,Upload:1M Format:40 Overhead:1000,278,257,PROJECT_A,3,DBG,Fri Oct 23 12:17:19 MST 2015,Fri Oct 23 12:22:34 MST 2015,00:05:15,31851,31851,101.1143,2,2,4,0,8.686035156,3.510407876,,PROJECT_A_QA_System_Test_SETUPA_Linux_Benchmarks
310,19272,RHEL_SETUPA_310_Upload1M40P1000L,Upload:1M Format:40 Overhead:1000,280,258,PROJECT_A,3,DBG,Fri Oct 23 14:58:57 MST 2015,Fri Oct 23 15:04:14 MST 2015,00:05:17,33931,33931,107.0379,2,2,1,0,8.628383459,3.542336011,,PROJECT_A_QA_System_Test_SETUPA_Linux_Benchmarks
310,19272,RHEL_SETUPA_310_Upload1M40P1000L,Upload:1M Format:40 Overhead:1000,282,259,PROJECT_A,3,DBG,Fri Oct 23 17:48:32 MST 2015,Fri Oct 23 17:53:47 MST 2015,00:05:15,32782,32782,104.0698,2,2,3,0,8.773665365,3.785944206,,PROJECT_A_QA_System_Test_SETUPA_Linux_Benchmarks
310,19272,RHEL_SETUPA_310_Upload1M40P1000L,Upload:1M Format:40 Overhead:1000,284,260,PROJECT_A,3,DBG,Fri Oct 23 20:34:43 MST 2015,Fri Oct 23 20:40:00 MST 2015,00:05:17,33717,33717,106.3628,2,2,1,0,8.808396705,3.584465021,,PROJECT_A_QA_System_Test_SETUPA_Linux_Benchmarks
310,19272,RHEL_SETUPA_310_Upload1M40P1000L,Upload:1M Format:40 Overhead:1000,286,261,PROJECT_A,3,DBG,Fri Oct 23 23:21:00 MST 2015,Fri Oct 23 23:26:16 MST 2015,00:05:16,33539,33539,106.1361,2,2,1,0,8.506821107,3.493112948,,PROJECT_A_QA_System_Test_SETUPA_Linux_Benchmarks
310,19272,RHEL_SETUPA_310_Upload1M40P1000L,Upload:1M Format:40 Overhead:1000,288,262,PROJECT_A,3,DBG,Sat Oct 24 02:04:23 MST 2015,Sat Oct 24 02:09:38 MST 2015,00:05:15,34325,34325,108.9683,2,2,1,0,8.99009009,3.55465587,,PROJECT_A_QA_System_Test_SETUPA_Linux_Benchmarks
310,19272,RHEL_SETUPA_310_Upload1M40P1000L,Upload:1M Format:40 Overhead:1000,290,263,PROJECT_A,3,DBG,Sat Oct 24 04:46:05 MST 2015,Sat Oct 24 04:51:20 MST 2015,00:05:15,33757,33757,107.1651,2,2,1,0,8.67458493,3.561292517,,PROJECT_A_QA_System_Test_SETUPA_Linux_Benchmarks
310,19272,RHEL_SETUPA_310_Upload1M40P1000L,Upload:1M Format:40 Overhead:1000,292,264,PROJECT_A,3,DBG,Sat Oct 24 07:28:34 MST 2015,Sat Oct 24 07:33:49 MST 2015,00:05:15,34019,34019,107.9968,2,2,1,0,9.052884615,3.65311245,,PROJECT_A_QA_System_Test_SETUPA_Linux_Benchmarks
310,19272,RHEL_SETUPA_310_Upload1M40P1000L,Upload:1M Format:40 Overhead:1000,294,265,PROJECT_A,3,DBG,Sat Oct 24 10:13:22 MST 2015,Sat Oct 24 10:18:37 MST 2015,00:05:15,32408,32408,102.8825,2,2,2,0,8.88938172,3.96600295,,PROJECT_A_QA_System_Test_SETUPA_Linux_Benchmarks
310,19272,RHEL_SETUPA_310_Upload1M40P1000L,Upload:1M Format:40 Overhead:1000,296,266,PROJECT_A,3,DBG,Sat Oct 24 12:56:43 MST 2015,Sat Oct 24 13:02:00 MST 2015,00:05:17,33455,33455,105.5363,2,2,1,0,8.784760052,3.590089163,,PROJECT_A_QA_System_Test_SETUPA_Linux_Benchmarks
310,19272,RHEL_SETUPA_310_Upload1M40P1000L,Upload:1M Format:40 Overhead:1000,298,267,PROJECT_A,3,DBG,Sat Oct 24 15:38:49 MST 2015,Sat Oct 24 15:44:05 MST 2015,00:05:16,33686,33686,106.6013,2,2,1,0,8.691891892,3.670301783,,PROJECT_A_QA_System_Test_SETUPA_Linux_Benchmarks
310,19272,RHEL_SETUPA_310_Upload1M40P1000L,Upload:1M Format:40 Overhead:1000,300,268,PROJECT_A,3,DBG,Sat Oct 24 18:17:44 MST 2015,Sat Oct 24 18:22:59 MST 2015,00:05:15,33804,33804,107.3143,2,2,1,0,8.735833333,3.605612245,,PROJECT_A_QA_System_Test_SETUPA_Linux_Benchmarks
310,19272,RHEL_SETUPA_310_Upload1M40P1000L,Upload:1M Format:40 Overhead:1000,302,269,PROJECT_A,3,DBG,Sat Oct 24 20:55:19 MST 2015,Sat Oct 24 21:00:34 MST 2015,00:05:15,33253,33253,105.5651,2,2,1,0,8.842344961,3.572026279,,PROJECT_A_QA_System_Test_SETUPA_Linux_Benchmarks
310,19272,RHEL_SETUPA_310_Upload1M40P1000L,Upload:1M Format:40 Overhead:1000,304,270,PROJECT_A,3,DBG,Sat Oct 24 23:34:33 MST 2015,Sat Oct 24 23:39:48 MST 2015,00:05:15,33555,33555,106.5238,2,2,1,0,8.856907478,3.548487903,,PROJECT_A_QA_System_Test_SETUPA_Linux_Benchmarks
310,19272,RHEL_SETUPA_310_Upload1M40P1000L,Upload:1M Format:40 Overhead:1000,306,271,PROJECT_A,3,DBG,Sun Oct 25 02:15:23 MST 2015,Sun Oct 25 02:20:39 MST 2015,00:05:16,33389,33389,105.6614,2,2,1,0,8.800416667,3.628244536,,PROJECT_A_QA_System_Test_SETUPA_Linux_Benchmarks
310,19272,RHEL_SETUPA_310_Upload1M40P1000L,Upload:1M Format:40 Overhead:1000,308,272,PROJECT_A,3,DBG,Sun Oct 25 04:56:12 MST 2015,Sun Oct 25 05:01:28 MST 2015,00:05:16,33334,33334,105.4873,2,2,1,0,8.710116732,3.56045082,,PROJECT_A_QA_System_Test_SETUPA_Linux_Benchmarks
310,19272,RHEL_SETUPA_310_Upload1M40P1000L,Upload:1M Format:40 Overhead:1000,310,273,PROJECT_A,3,DBG,Sun Oct 25 07:38:16 MST 2015,Sun Oct 25 07:43:33 MST 2015,00:05:17,33281,33281,104.9874,2,2,1,0,8.949733333,3.623333333,,PROJECT_A_QA_System_Test_SETUPA_Linux_Benchmarks
310,19272,RHEL_SETUPA_310_Upload1M40P1000L,Upload:1M Format:40 Overhead:1000,312,274,PROJECT_A,3,DBG,Sun Oct 25 10:18:31 MST 2015,Sun Oct 25 10:23:47 MST 2015,00:05:16,33193,33193,105.0411,2,2,1,0,8.926312336,3.782803672,,PROJECT_A_QA_System_Test_SETUPA_Linux_Benchmarks
310,19272,RHEL_SETUPA_310_Upload1M40P1000L,Upload:1M Format:40 Overhead:1000,314,275,PROJECT_A,3,DBG,Sun Oct 25 13:01:46 MST 2015,Sun Oct 25 13:07:02 MST 2015,00:05:16,33125,33125,104.8259,2,2,1,0,8.866108924,3.684785615,,PROJECT_A_QA_System_Test_SETUPA_Linux_Benchmarks
310,19272,RHEL_SETUPA_310_Upload1M40P1000L,Upload:1M Format:40 Overhead:1000,316,276,PROJECT_A,3,DBG,Sun Oct 25 15:44:47 MST 2015,Sun Oct 25 15:50:02 MST 2015,00:05:15,33877,33877,107.546,2,2,2,0,9.196245059,3.759427966,,PROJECT_A_QA_System_Test_SETUPA_Linux_Benchmarks
310,19272,RHEL_SETUPA_310_Upload1M40P1000L,Upload:1M Format:40 Overhead:1000,318,277,PROJECT_A,3,DBG,Sun Oct 25 18:28:18 MST 2015,Sun Oct 25 18:33:33 MST 2015,00:05:15,33401,33401,106.0349,2,2,1,0,8.56381323,3.596358543,,PROJECT_A_QA_System_Test_SETUPA_Linux_Benchmarks
310,19272,RHEL_SETUPA_310_Upload1M40P1000L,Upload:1M Format:40 Overhead:1000,320,278,PROJECT_A,3,DBG,Sun Oct 25 21:11:12 MST 2015,Sun Oct 25 21:16:27 MST 2015,00:05:15,33995,33995,107.9206,2,2,1,0,8.588397436,3.520121951,,PROJECT_A_QA_System_Test_SETUPA_Linux_Benchmarks
310,19272,RHEL_SETUPA_310_Upload1M40P1000L,Upload:1M Format:40 Overhead:1000,322,279,PROJECT_A,3,DBG,Sun Oct 25 23:52:54 MST 2015,Sun Oct 25 23:58:09 MST 2015,00:05:15,31986,31986,101.5429,2,2,4,0,8.453313648,3.676001431,,PROJECT_A_QA_System_Test_SETUPA_Linux_Benchmarks
310,19272,RHEL_SETUPA_310_Upload1M40P1000L,Upload:1M Format:40 Overhead:1000,324,280,PROJECT_A,3,DBG,Mon Oct 26 02:36:29 MST 2015,Mon Oct 26 02:41:45 MST 2015,00:05:16,32563,32563,103.0475,2,2,2,0,8.874667995,3.652110157,,PROJECT_A_QA_System_Test_SETUPA_Linux_Benchmarks
310,19272,RHEL_SETUPA_310_Upload1M40P1000L,Upload:1M Format:40 Overhead:1000,326,281,PROJECT_A,3,DBG,Mon Oct 26 05:20:18 MST 2015,Mon Oct 26 05:25:33 MST 2015,00:05:15,34406,34406,109.2254,2,2,1,0,8.772190657,3.671693657,,PROJECT_A_QA_System_Test_SETUPA_Linux_Benchmarks
310,19272,RHEL_SETUPA_310_Upload1M40P1000L,Upload:1M Format:40 Overhead:1000,328,282,PROJECT_A,3,DBG,Mon Oct 26 08:05:08 MST 2015,Mon Oct 26 08:10:23 MST 2015,00:05:15,33423,33423,106.1048,2,2,1,0,8.542592593,3.508537415,,PROJECT_A_QA_System_Test_SETUPA_Linux_Benchmarks
310,19272,RHEL_SETUPA_310_Upload1M40P1000L,Upload:1M Format:40 Overhead:1000,330,283,PROJECT_A,3,DBG,Mon Oct 26 10:58:44 MST 2015,Mon Oct 26 11:04:01 MST 2015,00:05:17,32603,32603,102.8486,2,2,1,0,8.975974462,3.518793584,,PROJECT_A_QA_System_Test_SETUPA_Linux_Benchmarks
310,19272,RHEL_SETUPA_310_Upload1M40P1000L,Upload:1M Format:40 Overhead:1000,332,284,PROJECT_A,3,DBG,Mon Oct 26 13:35:25 MST 2015,Mon Oct 26 13:40:40 MST 2015,00:05:15,33687,33687,106.9429,2,2,1,0,8.662980769,3.531870748,,PROJECT_A_QA_System_Test_SETUPA_Linux_Benchmarks
310,19272,RHEL_SETUPA_310_Upload1M40P1000L,Upload:1M Format:40 Overhead:1000,334,285,PROJECT_A,3,DBG,Mon Oct 26 16:09:18 MST 2015,Mon Oct 26 16:14:33 MST 2015,00:05:15,33787,33787,107.2603,2,2,1,0,9.035737813,3.517807746,,PROJECT_A_QA_System_Test_SETUPA_Linux_Benchmarks
310,19272,RHEL_SETUPA_310_Upload1M40P1000L,Upload:1M Format:40 Overhead:1000,336,286,PROJECT_A,3,DBG,Mon Oct 26 18:42:46 MST 2015,Mon Oct 26 18:48:01 MST 2015,00:05:15,34145,34145,108.3968,2,2,1,0,8.691286439,3.491126856,,PROJECT_A_QA_System_Test_SETUPA_Linux_Benchmarks
310,19272,RHEL_SETUPA_310_Upload1M40P1000L,Upload:1M Format:40 Overhead:1000,338,287,PROJECT_A,3,DBG,Mon Oct 26 21:17:34 MST 2015,Mon Oct 26 21:22:49 MST 2015,00:05:15,33416,33416,106.0825,2,2,1,0,8.664671815,3.525895317,,PROJECT_A_QA_System_Test_SETUPA_Linux_Benchmarks
310,19272,RHEL_SETUPA_310_Upload1M40P1000L,Upload:1M Format:40 Overhead:1000,340,288,PROJECT_A,3,DBG,Mon Oct 26 23:54:52 MST 2015,Tue Oct 27 00:00:07 MST 2015,00:05:15,31984,31984,101.5365,2,2,3,0,8.650784314,3.613060224,,PROJECT_A_QA_System_Test_SETUPA_Linux_Benchmarks
310,19308,RHEL_SETUPA_310_Upload100K40P1000L,Upload:100K Format:40 Overhead:1000,346,294,PROJECT_A,2,DBG,Thu Oct 29 00:19:02 MST 2015,Thu Oct 29 00:39:17 MST 2015,00:20:15,327533,327533,269.57,2,2,2,0,15.01,5.23,,PROJECT_A_QA_System_Test_SETUPA_Linux_Benchmarks
310,19308,RHEL_SETUPA_310_Upload100K40P1000L,Upload:100K Format:40 Overhead:1000,362,299,PROJECT_A,2,DBG,Thu Oct 29 09:34:54 MST 2015,Thu Oct 29 09:55:09 MST 2015,00:20:15,326857,326857,269.02,2,2,2,2,15.06,5.29,,PROJECT_A_QA_System_Test_SETUPA_Linux_Benchmarks
310,19308,RHEL_SETUPA_310_Upload100K40P1000L,Upload:100K Format:40 Overhead:1000,364,300,PROJECT_A,2,DBG,Thu Oct 29 12:20:43 MST 2015,Thu Oct 29 12:40:58 MST 2015,00:20:15,328148,328148,270.08,2,2,2,2,14.65,5.24,,PROJECT_A_QA_System_Test_SETUPA_Linux_Benchmarks
310,19308,RHEL_SETUPA_310_Upload100K40P1000L,Upload:100K Format:40 Overhead:1000,366,301,PROJECT_A,2,DBG,Thu Oct 29 15:06:22 MST 2015,Thu Oct 29 15:26:37 MST 2015,00:20:15,328444,328444,270.32,2,2,2,2,14.94,5.28,,PROJECT_A_QA_System_Test_SETUPA_Linux_Benchmarks
310,19308,RHEL_SETUPA_310_Upload100K40P1000L,Upload:100K Format:40 Overhead:1000,368,302,PROJECT_A,2,DBG,Thu Oct 29 17:51:26 MST 2015,Thu Oct 29 18:11:41 MST 2015,00:20:15,326235,326235,268.51,2,2,3,2,14.74,5.21,,PROJECT_A_QA_System_Test_SETUPA_Linux_Benchmarks
310,19308,RHEL_SETUPA_310_Upload100K40P1000L,Upload:100K Format:40 Overhead:1000,370,303,PROJECT_A,2,DBG,Thu Oct 29 20:36:25 MST 2015,Thu Oct 29 20:56:40 MST 2015,00:20:15,326800,326800,268.97,2,2,4,2,14.79,5.18,,PROJECT_A_QA_System_Test_SETUPA_Linux_Benchmarks
310,19308,RHEL_SETUPA_310_Upload100K40P1000L,Upload:100K Format:40 Overhead:1000,372,304,PROJECT_A,2,DBG,Thu Oct 29 23:39:17 MST 2015,Thu Oct 29 23:59:32 MST 2015,00:20:15,328423,328423,270.31,2,2,2,2,15,5.31,,PROJECT_A_QA_System_Test_SETUPA_Linux_Benchmarks
310,19308,RHEL_SETUPA_310_Upload100K40P1000L,Upload:100K Format:40 Overhead:1000,392,315,PROJECT_A,2,DBG,Fri Oct 30 09:55:41 MST 2015,Fri Oct 30 10:15:56 MST 2015,00:20:15,323310,323310,266.1,2,2,4,2,14.8,5.47,,PROJECT_A_QA_System_Test_SETUPA_Linux_Benchmarks
310,19308,RHEL_SETUPA_310_Upload100K40P1000L,Upload:100K Format:40 Overhead:1000,394,316,PROJECT_A,2,DBG,Fri Oct 30 15:53:56 MST 2015,Fri Oct 30 16:14:11 MST 2015,00:20:15,312928,312928,257.55,2,2,2,2,14.32,5.07,,PROJECT_A_QA_System_Test_SETUPA_Linux_Benchmarks
310,19308,RHEL_SETUPA_310_Upload100K40P1000L,Upload:100K Format:40 Overhead:1000,396,317,PROJECT_A,2,DBG,Fri Oct 30 22:06:45 MST 2015,Fri Oct 30 22:27:00 MST 2015,00:20:15,315928,315928,260.02,2,2,2,2,14.19,5.07,,PROJECT_A_QA_System_Test_SETUPA_Linux_Benchmarks
310,19308,RHEL_SETUPA_310_Upload100K40P1000L,Upload:100K Format:40 Overhead:1000,398,318,PROJECT_A,2,DBG,Sat Oct 31 03:31:27 MST 2015,Sat Oct 31 03:51:42 MST 2015,00:20:15,319277,319277,262.78,2,2,2,2,14.55,5.18,,PROJECT_A_QA_System_Test_SETUPA_Linux_Benchmarks
310,19308,RHEL_SETUPA_310_Upload100K40P1000L,Upload:100K Format:40 Overhead:1000,400,319,PROJECT_A,2,DBG,Sat Oct 31 09:48:32 MST 2015,Sat Oct 31 10:08:48 MST 2015,00:20:16,313240,313240,257.6,2,2,2,2,14.01,4.96,,PROJECT_A_QA_System_Test_SETUPA_Linux_Benchmarks
310,19308,RHEL_SETUPA_310_Upload100K40P1000L,Upload:100K Format:40 Overhead:1000,402,320,PROJECT_A,2,DBG,Sat Oct 31 15:41:37 MST 2015,Sat Oct 31 16:01:52 MST 2015,00:20:15,319429,319429,262.9,2,2,2,2,14.19,5.09,,PROJECT_A_QA_System_Test_SETUPA_Linux_Benchmarks
310,19308,RHEL_SETUPA_310_Upload100K40P1000L,Upload:100K Format:40 Overhead:1000,404,321,PROJECT_A,2,DBG,Sat Oct 31 22:00:40 MST 2015,Sat Oct 31 22:20:55 MST 2015,00:20:15,312231,312231,256.98,2,2,2,2,14.11,5.04,,PROJECT_A_QA_System_Test_SETUPA_Linux_Benchmarks
310,19308,RHEL_SETUPA_310_Upload100K40P1000L,Upload:100K Format:40 Overhead:1000,406,322,PROJECT_A,2,DBG,Sun Nov 01 04:22:47 MST 2015,Sun Nov 01 04:43:02 MST 2015,00:20:15,318981,318981,262.54,2,2,2,2,14.31,5.17,,PROJECT_A_QA_System_Test_SETUPA_Linux_Benchmarks
310,19308,RHEL_SETUPA_310_Upload100K40P1000L,Upload:100K Format:40 Overhead:1000,408,323,PROJECT_A,2,DBG,Sun Nov 01 10:14:48 MST 2015,Sun Nov 01 10:35:04 MST 2015,00:20:16,320447,320447,263.53,2,2,2,2,14.3,5.11,,PROJECT_A_QA_System_Test_SETUPA_Linux_Benchmarks
310,19308,RHEL_SETUPA_310_Upload100K40P1000L,Upload:100K Format:40 Overhead:1000,410,324,PROJECT_A,2,DBG,Sun Nov 01 16:14:34 MST 2015,Sun Nov 01 16:34:49 MST 2015,00:20:15,320473,320473,263.76,2,2,2,2,14.51,5.14,,PROJECT_A_QA_System_Test_SETUPA_Linux_Benchmarks
310,19308,RHEL_SETUPA_310_Upload100K40P1000L,Upload:100K Format:40 Overhead:1000,412,325,PROJECT_A,2,DBG,Sun Nov 01 22:05:41 MST 2015,Sun Nov 01 22:25:56 MST 2015,00:20:15,325144,325144,267.61,2,2,2,2,14.59,5.16,,PROJECT_A_QA_System_Test_SETUPA_Linux_Benchmarks
310,19308,RHEL_SETUPA_310_Upload100K40P1000L,Upload:100K Format:40 Overhead:1000,414,326,PROJECT_A,2,OK,Mon Nov 02 04:50:37 MST 2015,Mon Nov 02 05:20:53 MST 2015,00:30:16,489648,489648,269.63,2,2,1,0,14.66,5.09,,PROJECT_A_QA_System_Test_SETUPA_Linux_Benchmarks
310,19308,RHEL_SETUPA_310_Upload100K40P1000L,Upload:100K Format:40 Overhead:1000,416,327,PROJECT_A,2,OK,Mon Nov 02 07:09:23 MST 2015,Mon Nov 02 07:39:38 MST 2015,00:30:15,490879,490879,270.46,2,2,1,0,15.03,5.1,,PROJECT_A_QA_System_Test_SETUPA_Linux_Benchmarks
310,19308,RHEL_SETUPA_310_Upload100K40P1000L,Upload:100K Format:40 Overhead:1000,418,328,PROJECT_A,2,OK,Mon Nov 02 09:26:39 MST 2015,Mon Nov 02 09:56:54 MST 2015,00:30:15,487525,487525,268.61,2,2,1,0,14.73,5.12,,PROJECT_A_QA_System_Test_SETUPA_Linux_Benchmarks
310,19308,RHEL_SETUPA_310_Upload100K40P1000L,Upload:100K Format:40 Overhead:1000,428,335,PROJECT_A,2,OK,Tue Nov 03 08:27:08 MST 2015,Tue Nov 03 08:57:24 MST 2015,00:30:16,489460,489460,269.53,2,2,1,0,14.25,5.13,,PROJECT_A_QA_System_Test_SETUPA_Linux_Benchmarks
310,19375,RHEL_SETUPA_310_Upload100K40P1000L,Upload:100K Format:40 Overhead:1000,458,374,PROJECT_A,2,OK,Tue Nov 24 06:33:07 MST 2015,Tue Nov 24 07:03:22 MST 2015,00:30:15,509425,509425,280.67,0,0,0,0,14.11,5.27,,PROJECT_A_QA_System_Test_SETUPA_Linux_Benchmarks
310,19375,RHEL_SETUPA_310_Upload100K40P1000L,Upload:100K Format:40 Overhead:1000,460,375,PROJECT_A,2,OK,Tue Nov 24 08:51:52 MST 2015,Tue Nov 24 09:22:07 MST 2015,00:30:15,505444,505444,278.48,0,0,0,0,14.01,5.28,,PROJECT_A_QA_System_Test_SETUPA_Linux_Benchmarks
310,19375,RHEL_SETUPA_310_Upload100K40P1000L,Upload:100K Format:40 Overhead:1000,462,376,PROJECT_A,2,OK,Tue Nov 24 11:09:23 MST 2015,Tue Nov 24 11:39:38 MST 2015,00:30:15,505956,505956,278.76,0,0,1,0,14.04,5.32,,PROJECT_A_QA_System_Test_SETUPA_Linux_Benchmarks
310,19375,RHEL_SETUPA_310_Upload100K40P1000L,Upload:100K Format:40 Overhead:1000,464,377,PROJECT_A,2,OK,Tue Nov 24 13:26:41 MST 2015,Tue Nov 24 13:56:57 MST 2015,00:30:16,507381,507381,279.39,0,0,0,0,13.85,5.31,,PROJECT_A_QA_System_Test_SETUPA_Linux_Benchmarks
310,19375,RHEL_SETUPA_310_Upload100K40P1000L,Upload:100K Format:40 Overhead:1000,468,382,PROJECT_A,2,DBG,Wed Nov 25 03:00:22 MST 2015,Wed Nov 25 03:20:37 MST 2015,00:20:15,337665,337665,277.91,0,0,0,1,14.04,5.39,,PROJECT_A_QA_System_Test_SETUPA_Linux_Benchmarks
310,19375,RHEL_SETUPA_310_Upload100K40P1000L,Upload:100K Format:40 Overhead:1000,502,406,PROJECT_A,2,OK,Mon Nov 30 03:41:49 MST 2015,Mon Nov 30 04:11:51 MST 2015,00:30:03,539930,539930,299.39,0,0,1,0,16.08,5.89,,PROJECT_A_QA_System_Test_SETUPA_Linux_Benchmarks
310,19375,RHEL_SETUPA_310_Upload100K40P1000L,Upload:100K Format:40 Overhead:1000,504,408,PROJECT_A,2,OK,Mon Nov 30 06:35:28 MST 2015,Mon Nov 30 07:05:30 MST 2015,00:30:01,550925,550925,305.74,0,0,0,0,16.35,6.07,,PROJECT_A_QA_System_Test_SETUPA_Linux_Benchmarks
310,19375,RHEL_SETUPA_310_Upload100K40P1000L,Upload:100K Format:40 Overhead:1000,506,409,PROJECT_A,2,OK,Mon Nov 30 09:01:34 MST 2015,Mon Nov 30 09:31:35 MST 2015,00:30:15,538952,538952,296.94,0,0,2,0,15.99,5.96,,PROJECT_A_QA_System_Test_SETUPA_Linux_Benchmarks
310,19413,RHEL_SETUPA_310_Upload100K40P1000L,Upload:100K Format:40 Overhead:1000,524,419,PROJECT_A,2,OK,Thu Dec 03 23:30:45 MST 2015,Fri Dec 04 00:00:47 MST 2015,00:30:15,520947,520947,287.02,0,0,3,0,16.1,5.75,,PROJECT_A_QA_System_Test_SETUPA_Linux_Benchmarks
310,19417,RHEL_SETUPA_310_Upload100K40P1000L,Upload:100K Format:40 Overhead:1000,528,422,PROJECT_A,2,DBG,Fri Dec 04 05:18:45 MST 2015,Fri Dec 04 05:38:47 MST 2015,00:20:15,346500,346500,285.19,0,0,1,1,15.65,5.83,,PROJECT_A_QA_System_Test_SETUPA_Linux_Benchmarks
310,19441,RHEL_SETUPA_310_Upload100K40P1000L,Upload:100K Format:40 Overhead:1000,534,426,PROJECT_A,2,OK,Mon Dec 07 00:42:26 MST 2015,Mon Dec 07 01:12:29 MST 2015,00:30:15,527000,527000,290.36,0,0,0,0,15.8,5.87,,PROJECT_A_QA_System_Test_SETUPA_Linux_Benchmarks
310,19441,RHEL_SETUPA_310_Upload100K40P1000L,Upload:100K Format:40 Overhead:1000,536,427,PROJECT_A,2,DBG,Mon Dec 07 04:42:47 MST 2015,Mon Dec 07 05:02:49 MST 2015,00:20:15,330000,330000,271.6,0,0,0,1,15,5.62,,PROJECT_A_QA_System_Test_SETUPA_Linux_Benchmarks
310,19456,RHEL_SETUPA_310_Upload100K40P1000L,Upload:100K Format:40 Overhead:1000,542,430,PROJECT_A,2,KO,Mon Dec 07 23:57:11 MST 2015,Tue Dec 08 00:27:11 MST 2015,00:30:15,537000,535908,295.27,0,0,0,0,16.25,5.99,,PROJECT_A_QA_System_Test_SETUPA_Linux_Benchmarks
310,19456,RHEL_SETUPA_310_Upload100K40P1000L,Upload:100K Format:40 Overhead:1000,544,431,PROJECT_A,2,OK,Tue Dec 08 05:05:18 MST 2015,Tue Dec 08 05:35:20 MST 2015,00:30:15,521500,521500,287.33,0,0,0,0,15.45,5.76,,PROJECT_A_QA_System_Test_SETUPA_Linux_Benchmarks
310,19456,RHEL_SETUPA_310_Upload100K40P1000L,Upload:100K Format:40 Overhead:1000,546,432,PROJECT_A,2,OK,Tue Dec 08 08:22:46 MST 2015,Tue Dec 08 08:52:47 MST 2015,00:30:15,546500,546500,301.1,0,0,0,0,16.43,6.07,,PROJECT_A_QA_System_Test_SETUPA_Linux_Benchmarks
310,19458,RHEL_SETUPA_310_Upload100K40P1000L,Upload:100K Format:40 Overhead:1000,548,433,PROJECT_A,2,OK,Tue Dec 08 10:58:45 MST 2015,Tue Dec 08 11:28:47 MST 2015,00:30:15,541500,541500,298.35,0,0,0,0,16.19,6.04,,PROJECT_A_QA_System_Test_SETUPA_Linux_Benchmarks
310,19459,RHEL_SETUPA_310_Upload100K40P1000L,Upload:100K Format:40 Overhead:1000,550,434,PROJECT_A,2,OK,Tue Dec 08 13:15:16 MST 2015,Tue Dec 08 13:45:18 MST 2015,00:30:15,537000,537000,295.87,0,0,0,0,16.38,6,,PROJECT_A_QA_System_Test_SETUPA_Linux_Benchmarks
310,19459,RHEL_SETUPA_310_Upload100K40P1000L,Upload:100K Format:40 Overhead:1000,552,435,PROJECT_A,2,OK,Tue Dec 08 15:29:56 MST 2015,Tue Dec 08 15:59:57 MST 2015,00:30:15,549000,549000,302.48,0,0,0,0,16.65,6.05,,PROJECT_A_QA_System_Test_SETUPA_Linux_Benchmarks
310,19459,RHEL_SETUPA_310_Upload100K40P1000L,Upload:100K Format:40 Overhead:1000,554,436,PROJECT_A,2,OK,Tue Dec 08 17:47:13 MST 2015,Tue Dec 08 18:17:14 MST 2015,00:30:15,536500,536500,295.59,0,0,0,0,16.18,5.94,,PROJECT_A_QA_System_Test_SETUPA_Linux_Benchmarks
310,19459,RHEL_SETUPA_310_Upload100K40P1000L,Upload:100K Format:40 Overhead:1000,556,437,PROJECT_A,2,OK,Tue Dec 08 20:06:35 MST 2015,Tue Dec 08 20:36:36 MST 2015,00:30:15,535500,535500,295.04,0,0,0,0,16.24,5.94,,PROJECT_A_QA_System_Test_SETUPA_Linux_Benchmarks
310,19459,RHEL_SETUPA_310_Upload100K40P1000L,Upload:100K Format:40 Overhead:1000,558,438,PROJECT_A,2,OK,Tue Dec 08 22:23:03 MST 2015,Tue Dec 08 22:53:05 MST 2015,00:30:15,531500,531500,292.84,0,0,0,0,16.11,5.92,,PROJECT_A_QA_System_Test_SETUPA_Linux_Benchmarks
310,19487,RHEL_SETUPA_310_Upload100K40P1000L,Upload:100K Format:40 Overhead:1000,604,471,PROJECT_A,2,DBG,Wed Dec 16 04:29:24 MST 2015,Wed Dec 16 04:49:11 MST 2015,00:20:00,346500,345259,287.72,0,0,10,10,15.89,5.96,,PROJECT_A_QA_System_Test_SETUPA_Linux_Benchmarks
310,19487,RHEL_SETUPA_310_Upload100K40P1000L,Upload:100K Format:40 Overhead:1000,606,472,PROJECT_A,2,DBG,Wed Dec 16 09:24:02 MST 2015,Wed Dec 16 09:44:02 MST 2015,00:20:15,340500,340500,280.25,0,0,0,1,15.24,5.83,,PROJECT_A_QA_System_Test_SETUPA_Linux_Benchmarks
310,19487,RHEL_SETUPA_310_Upload100K40P1000L,Upload:100K Format:40 Overhead:1000,614,476,PROJECT_A,2,KO,Thu Dec 17 07:59:59 MST 2015,Thu Dec 17 08:29:57 MST 2015,00:30:15,520500,519750,286.36,0,0,1,0,15.82,5.83,,PROJECT_A_QA_System_Test_SETUPA_Linux_Benchmarks
310,19495,RHEL_SETUPA_310_Upload100K40P1000L,Upload:100K Format:40 Overhead:1000,616,477,PROJECT_A,2,OK,Thu Dec 17 23:30:13 MST 2015,Fri Dec 18 00:00:15 MST 2015,00:30:15,532000,532000,293.11,0,0,0,0,16.05,5.93,,PROJECT_A_QA_System_Test_SETUPA_Linux_Benchmarks
310,19495,RHEL_SETUPA_310_Upload100K40P1000L,Upload:100K Format:40 Overhead:1000,618,478,PROJECT_A,2,DBG,Fri Dec 18 03:06:49 MST 2015,Fri Dec 18 03:26:49 MST 2015,00:20:15,348000,348000,286.42,0,0,0,1,15.68,5.86,,PROJECT_A_QA_System_Test_SETUPA_Linux_Benchmarks
310,19526,RHEL_SETUPA_310_Upload100K40P1000L,Upload:100K Format:40 Overhead:1000,674,552,PROJECT_A,2,KO,Mon Jan 04 23:26:34 MST 2016,Mon Jan 04 23:53:38 MST 2016,00:30:15,355000,3543,1.95,1,0,14,10,14.29,5.62,,PROJECT_A_QA_System_Test_SETUPA_Linux_Benchmarks
310,19533,RHEL_SETUPA_310_Upload100K40P1000L,Upload:100K Format:40 Overhead:1000,680,556,PROJECT_A,2,OK,Wed Jan 06 23:01:09 MST 2016,Wed Jan 06 23:31:11 MST 2016,00:30:15,498500,498500,274.66,1,0,0,0,14.9,5.58,,PROJECT_A_QA_System_Test_SETUPA_Linux_Benchmarks
310,19533,RHEL_SETUPA_310_Upload100K40P1000L,Upload:100K Format:40 Overhead:1000,684,558,PROJECT_A,2,DBG,Thu Jan 07 07:19:26 MST 2016,Thu Jan 07 07:39:26 MST 2016,00:20:15,343500,342952,282.27,1,0,0,1,15.49,5.78,,PROJECT_A_QA_System_Test_SETUPA_Linux_Benchmarks
310,19533,RHEL_SETUPA_310_Upload100K40P1000L,Upload:100K Format:40 Overhead:1000,686,559,PROJECT_A,2,DBG,Thu Jan 07 10:09:20 MST 2016,Thu Jan 07 10:29:21 MST 2016,00:20:15,311500,311500,256.38,1,0,0,1,14.02,5.2,,PROJECT_A_QA_System_Test_SETUPA_Linux_Benchmarks
310,19533,RHEL_SETUPA_310_Upload100K40P1000L,Upload:100K Format:40 Overhead:1000,698,567,PROJECT_A,2,KO,Mon Jan 11 00:02:59 MST 2016,Mon Jan 11 00:32:49 MST 2016,00:30:15,457000,456043,251.26,1,0,2,0,13.7,5.17,,PROJECT_A_QA_System_Test_SETUPA_Linux_Benchmarks
310,19533,RHEL_SETUPA_310_Upload100K40P1000L,Upload:100K Format:40 Overhead:1000,700,568,PROJECT_A,2,OK,Mon Jan 11 04:11:45 MST 2016,Mon Jan 11 04:41:47 MST 2016,00:30:15,530000,530000,292.01,1,0,0,0,15.68,5.89,,PROJECT_A_QA_System_Test_SETUPA_Linux_Benchmarks
310,19533,RHEL_SETUPA_310_Upload100K40P1000L,Upload:100K Format:40 Overhead:1000,702,569,PROJECT_A,2,OK,Mon Jan 11 06:29:46 MST 2016,Mon Jan 11 06:59:48 MST 2016,00:30:15,531500,531500,292.84,1,0,1,0,15.86,5.91,,PROJECT_A_QA_System_Test_SETUPA_Linux_Benchmarks
310,19533,RHEL_SETUPA_310_Upload100K40P1000L,Upload:100K Format:40 Overhead:1000,704,570,PROJECT_A,2,KO,Mon Jan 11 09:02:42 MST 2016,Mon Jan 11 09:32:42 MST 2016,00:30:15,532000,531493,292.83,1,0,0,0,15.97,5.84,,PROJECT_A_QA_System_Test_SETUPA_Linux_Benchmarks
310,19533,RHEL_SETUPA_310_Upload100K40P1000L,Upload:100K Format:40 Overhead:1000,706,571,PROJECT_A,2,OK,Tue Jan 12 00:06:25 MST 2016,Tue Jan 12 00:36:27 MST 2016,00:30:15,528000,528000,290.91,1,0,0,0,15.55,5.85,,PROJECT_A_QA_System_Test_SETUPA_Linux_Benchmarks
310,19533,RHEL_SETUPA_310_Upload100K40P1000L,Upload:100K Format:40 Overhead:1000,708,572,PROJECT_A,2,OK,Tue Jan 12 02:24:07 MST 2016,Tue Jan 12 02:54:08 MST 2016,00:30:15,528500,528500,291.18,1,0,0,0,15.74,5.81,,PROJECT_A_QA_System_Test_SETUPA_Linux_Benchmarks
310,19533,RHEL_SETUPA_310_Upload100K40P1000L,Upload:100K Format:40 Overhead:1000,722,582,PROJECT_A,2,DBG,Wed Jan 13 06:56:02 MST 2016,Wed Jan 13 07:16:04 MST 2016,00:20:15,347000,347000,285.6,1,0,0,1,15.62,5.77,,PROJECT_A_QA_System_Test_SETUPA_Linux_Benchmarks
310,19533,RHEL_SETUPA_310_Upload100K40P1000L,Upload:100K Format:40 Overhead:1000,724,583,PROJECT_A,2,DBG,Wed Jan 13 13:47:37 MST 2016,Wed Jan 13 14:07:40 MST 2016,00:20:15,321000,321000,264.2,1,0,2,1,14.71,5.54,,PROJECT_A_QA_System_Test_SETUPA_Linux_Benchmarks
310,19533,RHEL_SETUPA_310_Upload100K40P1000L,Upload:100K Format:40 Overhead:1000,734,588,PROJECT_A,2,DBG,Thu Jan 14 10:16:41 MST 2016,Thu Jan 14 10:36:43 MST 2016,00:20:15,330000,330000,271.6,1,0,2,1,15.02,5.61,,PROJECT_A_QA_System_Test_SETUPA_Linux_Benchmarks
310,19556,RHEL_SETUPA_310_Upload100K40P1000L,Upload:100K Format:40 Overhead:1000,752,597,PROJECT_A,2,OK,Tue Jan 19 08:29:30 MST 2016,Tue Jan 19 08:59:32 MST 2016,00:30:15,512000,512000,282.09,1,0,0,0,15.2,5.64,,PROJECT_A_QA_System_Test_SETUPA_Linux_Benchmarks
310,19556,RHEL_SETUPA_310_Upload100K40P1000L,Upload:100K Format:40 Overhead:1000,754,598,PROJECT_A,2,KO,Tue Jan 19 11:04:29 MST 2016,Tue Jan 19 11:34:29 MST 2016,00:30:15,522500,521284,287.21,1,0,0,0,15.6,5.73,,PROJECT_A_QA_System_Test_SETUPA_Linux_Benchmarks
310,19556,RHEL_SETUPA_310_Upload100K40P1000L,Upload:100K Format:40 Overhead:1000,758,600,PROJECT_A,2,KO,Wed Jan 20 04:12:10 MST 2016,Wed Jan 20 04:41:48 MST 2016,00:30:15,532500,531635,292.91,1,0,1,1,15.78,5.86,,PROJECT_A_QA_System_Test_SETUPA_Linux_Benchmarks
310,19556,RHEL_SETUPA_310_Upload100K40P1000L,Upload:100K Format:40 Overhead:1000,760,601,PROJECT_A,2,OK,Wed Jan 20 06:20:54 MST 2016,Wed Jan 20 06:50:56 MST 2016,00:30:15,538000,538000,296.42,1,0,0,0,15.96,5.88,,PROJECT_A_QA_System_Test_SETUPA_Linux_Benchmarks
310,19556,RHEL_SETUPA_310_Upload100K40P1000L,Upload:100K Format:40 Overhead:1000,762,602,PROJECT_A,2,OK,Wed Jan 20 08:40:37 MST 2016,Wed Jan 20 09:10:39 MST 2016,00:30:15,531500,531500,292.84,1,0,0,0,15.77,5.9,,PROJECT_A_QA_System_Test_SETUPA_Linux_Benchmarks
310,19308,RHEL_SETUPA_310_Upload10K40P1000L,Upload:10K Format:40 Overhead:1000,346,294,PROJECT_A,1,DBG,Wed Oct 28 22:56:21 MST 2015,Wed Oct 28 23:56:36 MST 2015,01:00:15,1069548,1069548,295.86,29,10,3,3,15.51,5.35,,PROJECT_A_QA_System_Test_SETUPA_Linux_Benchmarks
310,19308,RHEL_SETUPA_310_Upload10K40P1000L,Upload:10K Format:40 Overhead:1000,350,295,PROJECT_A,1,DBG,Thu Oct 29 01:39:37 MST 2015,Thu Oct 29 02:39:52 MST 2015,01:00:15,1058721,1058721,292.87,29,9,4,3,15.03,5.34,,PROJECT_A_QA_System_Test_SETUPA_Linux_Benchmarks
310,19308,RHEL_SETUPA_310_Upload10K40P1000L,Upload:10K Format:40 Overhead:1000,354,296,PROJECT_A,1,DBG,Thu Oct 29 04:16:44 MST 2015,Thu Oct 29 04:18:39 MST 2015,00:01:55,27058,27058,235.29,29,10,3,3,16.49,8.5,,PROJECT_A_QA_System_Test_SETUPA_Linux_Benchmarks
310,19308,RHEL_SETUPA_310_Upload10K40P1000L,Upload:10K Format:40 Overhead:1000,360,298,PROJECT_A,1,DBG,Thu Oct 29 07:09:10 MST 2015,Thu Oct 29 07:11:05 MST 2015,00:01:55,26663,26663,231.85,29,5,3,1,17,8.42,,PROJECT_A_QA_System_Test_SETUPA_Linux_Benchmarks
310,19308,RHEL_SETUPA_310_Upload10K40P1000L,Upload:10K Format:40 Overhead:1000,362,299,PROJECT_A,1,DBG,Thu Oct 29 08:12:53 MST 2015,Thu Oct 29 09:13:08 MST 2015,01:00:15,1063281,1063281,294.13,29,10,4,3,15.16,5.35,,PROJECT_A_QA_System_Test_SETUPA_Linux_Benchmarks
310,19308,RHEL_SETUPA_310_Upload10K40P1000L,Upload:10K Format:40 Overhead:1000,364,300,PROJECT_A,1,DBG,Thu Oct 29 10:57:11 MST 2015,Thu Oct 29 11:57:26 MST 2015,01:00:15,1073442,1073442,296.94,29,8,1,3,15.26,5.28,,PROJECT_A_QA_System_Test_SETUPA_Linux_Benchmarks
310,19308,RHEL_SETUPA_310_Upload10K40P1000L,Upload:10K Format:40 Overhead:1000,366,301,PROJECT_A,1,DBG,Thu Oct 29 13:43:28 MST 2015,Thu Oct 29 14:43:43 MST 2015,01:00:15,1065162,1065162,294.65,29,4,2,1,15.1,5.08,,PROJECT_A_QA_System_Test_SETUPA_Linux_Benchmarks
310,19308,RHEL_SETUPA_310_Upload10K40P1000L,Upload:10K Format:40 Overhead:1000,368,302,PROJECT_A,1,DBG,Thu Oct 29 16:28:26 MST 2015,Thu Oct 29 17:28:41 MST 2015,01:00:15,1072443,1072443,296.66,29,5,2,1,15.28,5.35,,PROJECT_A_QA_System_Test_SETUPA_Linux_Benchmarks
310,19308,RHEL_SETUPA_310_Upload10K40P1000L,Upload:10K Format:40 Overhead:1000,370,303,PROJECT_A,1,DBG,Thu Oct 29 19:13:34 MST 2015,Thu Oct 29 20:13:49 MST 2015,01:00:15,1072351,1072351,296.64,29,11,1,3,15.25,5.29,,PROJECT_A_QA_System_Test_SETUPA_Linux_Benchmarks
310,19308,RHEL_SETUPA_310_Upload10K40P1000L,Upload:10K Format:40 Overhead:1000,372,304,PROJECT_A,1,DBG,Thu Oct 29 22:15:21 MST 2015,Thu Oct 29 23:15:36 MST 2015,01:00:15,1075858,1075858,297.61,29,5,3,1,15.32,5.15,,PROJECT_A_QA_System_Test_SETUPA_Linux_Benchmarks
310,19308,RHEL_SETUPA_310_Upload10K40P1000L,Upload:10K Format:40 Overhead:1000,384,306,PROJECT_A,1,DBG,Fri Oct 30 02:44:53 MST 2015,Fri Oct 30 02:46:48 MST 2015,00:01:55,30472,30472,264.97,29,4,1,1,17.82,7.8,,PROJECT_A_QA_System_Test_SETUPA_Linux_Benchmarks
310,19308,RHEL_SETUPA_310_Upload10K40P1000L,Upload:10K Format:40 Overhead:1000,390,312,PROJECT_A,1,DBG,Fri Oct 30 06:06:52 MST 2015,Fri Oct 30 06:08:47 MST 2015,00:01:55,30923,30923,268.9,29,4,1,1,17.35,8.13,,PROJECT_A_QA_System_Test_SETUPA_Linux_Benchmarks
310,19308,RHEL_SETUPA_310_Upload10K40P1000L,Upload:10K Format:40 Overhead:1000,392,315,PROJECT_A,1,DBG,Fri Oct 30 07:57:26 MST 2015,Fri Oct 30 08:57:41 MST 2015,01:00:15,1065518,1065518,294.75,29,5,1,1,15.63,5.2,,PROJECT_A_QA_System_Test_SETUPA_Linux_Benchmarks
310,19308,RHEL_SETUPA_310_Upload10K40P1000L,Upload:10K Format:40 Overhead:1000,394,316,PROJECT_A,1,DBG,Fri Oct 30 14:03:26 MST 2015,Fri Oct 30 15:03:41 MST 2015,01:00:15,1053169,1053169,291.33,29,8,1,3,15.02,5.26,,PROJECT_A_QA_System_Test_SETUPA_Linux_Benchmarks
310,19308,RHEL_SETUPA_310_Upload10K40P1000L,Upload:10K Format:40 Overhead:1000,396,317,PROJECT_A,1,DBG,Fri Oct 30 20:14:47 MST 2015,Fri Oct 30 21:15:02 MST 2015,01:00:15,1036186,1036186,286.64,29,10,1,3,14.8,5.1,,PROJECT_A_QA_System_Test_SETUPA_Linux_Benchmarks
310,19308,RHEL_SETUPA_310_Upload10K40P1000L,Upload:10K Format:40 Overhead:1000,398,318,PROJECT_A,1,DBG,Sat Oct 31 01:37:40 MST 2015,Sat Oct 31 02:37:55 MST 2015,01:00:15,1041142,1041142,288.01,29,8,1,3,15.04,5.21,,PROJECT_A_QA_System_Test_SETUPA_Linux_Benchmarks
310,19308,RHEL_SETUPA_310_Upload10K40P1000L,Upload:10K Format:40 Overhead:1000,400,319,PROJECT_A,1,DBG,Sat Oct 31 07:53:52 MST 2015,Sat Oct 31 08:54:07 MST 2015,01:00:15,1036632,1036632,286.76,29,8,2,3,14.99,5.17,,PROJECT_A_QA_System_Test_SETUPA_Linux_Benchmarks
310,19308,RHEL_SETUPA_310_Upload10K40P1000L,Upload:10K Format:40 Overhead:1000,402,320,PROJECT_A,1,DBG,Sat Oct 31 13:49:44 MST 2015,Sat Oct 31 14:50:00 MST 2015,01:00:16,1040332,1040332,287.7,29,9,1,3,15.09,5.13,,PROJECT_A_QA_System_Test_SETUPA_Linux_Benchmarks
310,19308,RHEL_SETUPA_310_Upload10K40P1000L,Upload:10K Format:40 Overhead:1000,404,321,PROJECT_A,1,DBG,Sat Oct 31 20:08:17 MST 2015,Sat Oct 31 21:08:32 MST 2015,01:00:15,1036707,1036707,286.78,29,10,3,3,14.73,5.11,,PROJECT_A_QA_System_Test_SETUPA_Linux_Benchmarks
310,19308,RHEL_SETUPA_310_Upload10K40P1000L,Upload:10K Format:40 Overhead:1000,406,322,PROJECT_A,1,DBG,Sun Nov 01 02:31:20 MST 2015,Sun Nov 01 03:31:35 MST 2015,01:00:15,1041689,1041689,288.16,29,8,1,3,14.73,5.17,,PROJECT_A_QA_System_Test_SETUPA_Linux_Benchmarks
310,19308,RHEL_SETUPA_310_Upload10K40P1000L,Upload:10K Format:40 Overhead:1000,408,323,PROJECT_A,1,DBG,Sun Nov 01 08:25:07 MST 2015,Sun Nov 01 09:25:22 MST 2015,01:00:15,1028238,1028238,284.44,29,7,1,3,14.71,5.1,,PROJECT_A_QA_System_Test_SETUPA_Linux_Benchmarks
310,19308,RHEL_SETUPA_310_Upload10K40P1000L,Upload:10K Format:40 Overhead:1000,410,324,PROJECT_A,1,DBG,Sun Nov 01 14:19:20 MST 2015,Sun Nov 01 15:19:35 MST 2015,01:00:15,1046232,1046232,289.41,29,10,1,3,14.93,5.16,,PROJECT_A_QA_System_Test_SETUPA_Linux_Benchmarks
310,19308,RHEL_SETUPA_310_Upload10K40P1000L,Upload:10K Format:40 Overhead:1000,412,325,PROJECT_A,1,DBG,Sun Nov 01 20:16:35 MST 2015,Sun Nov 01 21:16:50 MST 2015,01:00:15,1037276,1037276,286.94,29,8,1,3,14.98,5.1,,PROJECT_A_QA_System_Test_SETUPA_Linux_Benchmarks
310,19308,RHEL_SETUPA_310_Upload10K40P1000L,Upload:10K Format:40 Overhead:1000,414,326,PROJECT_A,1,OK,Mon Nov 02 04:09:36 MST 2015,Mon Nov 02 04:39:51 MST 2015,00:30:15,523576,523576,288.47,29,8,1,3,15.13,5.26,,PROJECT_A_QA_System_Test_SETUPA_Linux_Benchmarks
310,19308,RHEL_SETUPA_310_Upload10K40P1000L,Upload:10K Format:40 Overhead:1000,416,327,PROJECT_A,1,OK,Mon Nov 02 06:28:31 MST 2015,Mon Nov 02 06:58:46 MST 2015,00:30:15,529889,529889,291.95,29,9,1,3,15.07,5.29,,PROJECT_A_QA_System_Test_SETUPA_Linux_Benchmarks
310,19308,RHEL_SETUPA_310_Upload10K40P1000L,Upload:10K Format:40 Overhead:1000,418,328,PROJECT_A,1,OK,Mon Nov 02 08:46:08 MST 2015,Mon Nov 02 09:16:23 MST 2015,00:30:15,532955,532955,293.64,29,4,1,1,15.11,5.21,,PROJECT_A_QA_System_Test_SETUPA_Linux_Benchmarks
310,19308,RHEL_SETUPA_310_Upload10K40P1000L,Upload:10K Format:40 Overhead:1000,428,335,PROJECT_A,1,OK,Tue Nov 03 07:46:56 MST 2015,Tue Nov 03 08:17:11 MST 2015,00:30:15,525712,525712,289.65,29,20,2,4,14.98,5.26,,PROJECT_A_QA_System_Test_SETUPA_Linux_Benchmarks
310,19375,RHEL_SETUPA_310_Upload10K40P1000L,Upload:10K Format:40 Overhead:1000,458,374,PROJECT_A,1,OK,Tue Nov 24 05:52:43 MST 2015,Tue Nov 24 06:22:58 MST 2015,00:30:15,532436,532436,293.35,27,5,1,1,14.56,5.17,,PROJECT_A_QA_System_Test_SETUPA_Linux_Benchmarks
310,19375,RHEL_SETUPA_310_Upload10K40P1000L,Upload:10K Format:40 Overhead:1000,460,375,PROJECT_A,1,OK,Tue Nov 24 08:11:33 MST 2015,Tue Nov 24 08:41:48 MST 2015,00:30:15,533042,533042,293.69,27,3,1,1,14.83,5.16,,PROJECT_A_QA_System_Test_SETUPA_Linux_Benchmarks
310,19375,RHEL_SETUPA_310_Upload10K40P1000L,Upload:10K Format:40 Overhead:1000,462,376,PROJECT_A,1,OK,Tue Nov 24 10:29:09 MST 2015,Tue Nov 24 10:59:24 MST 2015,00:30:15,529445,529445,291.71,27,2,1,1,14.55,5.18,,PROJECT_A_QA_System_Test_SETUPA_Linux_Benchmarks
310,19375,RHEL_SETUPA_310_Upload10K40P1000L,Upload:10K Format:40 Overhead:1000,464,377,PROJECT_A,1,OK,Tue Nov 24 12:46:06 MST 2015,Tue Nov 24 13:16:21 MST 2015,00:30:15,530962,530962,292.54,27,5,1,1,14.62,5.21,,PROJECT_A_QA_System_Test_SETUPA_Linux_Benchmarks
310,19375,RHEL_SETUPA_310_Upload10K40P1000L,Upload:10K Format:40 Overhead:1000,468,382,PROJECT_A,1,DBG,Wed Nov 25 01:03:36 MST 2015,Wed Nov 25 02:03:51 MST 2015,01:00:15,1059633,1059633,293.12,27,2,1,1,14.6,5,,PROJECT_A_QA_System_Test_SETUPA_Linux_Benchmarks
310,19375,RHEL_SETUPA_310_Upload10K40P1000L,Upload:10K Format:40 Overhead:1000,498,403,PROJECT_A,1,KO,Fri Nov 27 08:01:15 MST 2015,Fri Nov 27 08:31:13 MST 2015,00:29:59,549000,548334,304.73,27,2,1,1,16.83,5.86,,PROJECT_A_QA_System_Test_SETUPA_Linux_Benchmarks
310,19375,RHEL_SETUPA_310_Upload10K40P1000L,Upload:10K Format:40 Overhead:1000,502,406,PROJECT_A,1,OK,Mon Nov 30 03:01:31 MST 2015,Mon Nov 30 03:31:32 MST 2015,00:30:01,550792,550792,305.73,27,2,1,1,16.74,5.85,,PROJECT_A_QA_System_Test_SETUPA_Linux_Benchmarks
310,19375,RHEL_SETUPA_310_Upload10K40P1000L,Upload:10K Format:40 Overhead:1000,504,408,PROJECT_A,1,OK,Mon Nov 30 05:54:45 MST 2015,Mon Nov 30 06:24:46 MST 2015,00:30:01,552770,552770,306.84,27,2,2,1,16.62,5.68,,PROJECT_A_QA_System_Test_SETUPA_Linux_Benchmarks
310,19375,RHEL_SETUPA_310_Upload10K40P1000L,Upload:10K Format:40 Overhead:1000,506,409,PROJECT_A,1,OK,Mon Nov 30 08:21:12 MST 2015,Mon Nov 30 08:51:13 MST 2015,00:30:15,547289,547289,301.54,27,3,1,1,16.45,5.7,,PROJECT_A_QA_System_Test_SETUPA_Linux_Benchmarks
310,19401,RHEL_SETUPA_310_Upload10K40P1000L,Upload:10K Format:40 Overhead:1000,516,415,PROJECT_A,1,DBG,Wed Dec 02 07:51:45 MST 2015,Wed Dec 02 08:51:41 MST 2015,01:00:15,1105140,1105140,305.71,27,2,1,1,16.79,5.87,,PROJECT_A_QA_System_Test_SETUPA_Linux_Benchmarks
310,19401,RHEL_SETUPA_310_Upload10K40P1000L,Upload:10K Format:40 Overhead:1000,518,416,PROJECT_A,1,DBG,Thu Dec 03 01:18:24 MST 2015,Thu Dec 03 02:18:25 MST 2015,01:00:15,1097720,1097720,303.66,27,4,1,1,16.11,5.77,,PROJECT_A_QA_System_Test_SETUPA_Linux_Benchmarks
310,19413,RHEL_SETUPA_310_Upload10K40P1000L,Upload:10K Format:40 Overhead:1000,524,419,PROJECT_A,1,OK,Thu Dec 03 22:50:28 MST 2015,Thu Dec 03 23:20:27 MST 2015,00:30:15,555213,555213,305.9,27,3,1,1,16.83,5.88,,PROJECT_A_QA_System_Test_SETUPA_Linux_Benchmarks
310,19413,RHEL_SETUPA_310_Upload10K40P1000L,Upload:10K Format:40 Overhead:1000,526,420,PROJECT_A,1,DBG,Fri Dec 04 01:18:17 MST 2015,Fri Dec 04 02:18:18 MST 2015,01:00:15,1092936,1092936,302.33,27,2,1,1,16.15,5.61,,PROJECT_A_QA_System_Test_SETUPA_Linux_Benchmarks
310,19417,RHEL_SETUPA_310_Upload10K40P1000L,Upload:10K Format:40 Overhead:1000,528,422,PROJECT_A,1,DBG,Fri Dec 04 03:55:25 MST 2015,Fri Dec 04 04:55:25 MST 2015,01:00:15,1100901,1100962,304.55,27,3,1,1,16.46,5.83,,PROJECT_A_QA_System_Test_SETUPA_Linux_Benchmarks
310,19420,RHEL_SETUPA_310_Upload10K40P1000L,Upload:10K Format:40 Overhead:1000,530,423,PROJECT_A,1,KO,Fri Dec 04 06:47:41 MST 2015,Fri Dec 04 07:17:40 MST 2015,00:30:15,550000,549243,302.61,27,2,3,1,16.45,5.89,,PROJECT_A_QA_System_Test_SETUPA_Linux_Benchmarks
310,19441,RHEL_SETUPA_310_Upload10K40P1000L,Upload:10K Format:40 Overhead:1000,534,426,PROJECT_A,1,OK,Mon Dec 07 00:02:03 MST 2015,Mon Dec 07 00:32:05 MST 2015,00:30:15,541000,541000,298.07,27,4,1,1,16.25,5.91,,PROJECT_A_QA_System_Test_SETUPA_Linux_Benchmarks
310,19441,RHEL_SETUPA_310_Upload10K40P1000L,Upload:10K Format:40 Overhead:1000,536,427,PROJECT_A,1,DBG,Mon Dec 07 03:19:32 MST 2015,Mon Dec 07 04:19:34 MST 2015,01:00:15,1085500,1085500,300.28,27,2,1,1,16.15,5.83,,PROJECT_A_QA_System_Test_SETUPA_Linux_Benchmarks
310,19456,RHEL_SETUPA_310_Upload10K40P1000L,Upload:10K Format:40 Overhead:1000,542,430,PROJECT_A,1,OK,Mon Dec 07 23:16:48 MST 2015,Mon Dec 07 23:46:49 MST 2015,00:30:15,547000,547000,301.38,27,4,1,1,16.58,5.84,,PROJECT_A_QA_System_Test_SETUPA_Linux_Benchmarks
310,19456,RHEL_SETUPA_310_Upload10K40P1000L,Upload:10K Format:40 Overhead:1000,544,431,PROJECT_A,1,OK,Tue Dec 08 04:16:55 MST 2015,Tue Dec 08 04:46:56 MST 2015,00:30:15,564000,564000,310.74,0,4,1,1,16.7,5.76,,PROJECT_A_QA_System_Test_SETUPA_Linux_Benchmarks
310,19456,RHEL_SETUPA_310_Upload10K40P1000L,Upload:10K Format:40 Overhead:1000,546,432,PROJECT_A,1,OK,Tue Dec 08 07:42:29 MST 2015,Tue Dec 08 08:12:30 MST 2015,00:30:15,558500,558500,307.71,27,2,1,1,16.68,5.83,,PROJECT_A_QA_System_Test_SETUPA_Linux_Benchmarks
310,19458,RHEL_SETUPA_310_Upload10K40P1000L,Upload:10K Format:40 Overhead:1000,548,433,PROJECT_A,1,OK,Tue Dec 08 10:18:29 MST 2015,Tue Dec 08 10:48:30 MST 2015,00:30:15,559000,559000,307.99,27,4,1,1,16.5,5.8,,PROJECT_A_QA_System_Test_SETUPA_Linux_Benchmarks
310,19459,RHEL_SETUPA_310_Upload10K40P1000L,Upload:10K Format:40 Overhead:1000,550,434,PROJECT_A,1,OK,Tue Dec 08 12:35:00 MST 2015,Tue Dec 08 13:05:02 MST 2015,00:30:15,557000,557000,306.89,27,4,1,1,16.56,5.94,,PROJECT_A_QA_System_Test_SETUPA_Linux_Benchmarks
310,19459,RHEL_SETUPA_310_Upload10K40P1000L,Upload:10K Format:40 Overhead:1000,552,435,PROJECT_A,1,OK,Tue Dec 08 14:49:16 MST 2015,Tue Dec 08 15:19:17 MST 2015,00:30:15,556000,556000,306.34,27,2,1,1,16.6,5.77,,PROJECT_A_QA_System_Test_SETUPA_Linux_Benchmarks
310,19459,RHEL_SETUPA_310_Upload10K40P1000L,Upload:10K Format:40 Overhead:1000,554,436,PROJECT_A,1,OK,Tue Dec 08 17:06:34 MST 2015,Tue Dec 08 17:36:36 MST 2015,00:30:15,558000,558000,307.44,27,3,1,1,16.55,5.76,,PROJECT_A_QA_System_Test_SETUPA_Linux_Benchmarks
310,19459,RHEL_SETUPA_310_Upload10K40P1000L,Upload:10K Format:40 Overhead:1000,556,437,PROJECT_A,1,OK,Tue Dec 08 19:26:19 MST 2015,Tue Dec 08 19:56:20 MST 2015,00:30:15,551000,551000,303.58,27,2,1,1,16.52,5.71,,PROJECT_A_QA_System_Test_SETUPA_Linux_Benchmarks
310,19459,RHEL_SETUPA_310_Upload10K40P1000L,Upload:10K Format:40 Overhead:1000,558,438,PROJECT_A,1,OK,Tue Dec 08 21:42:46 MST 2015,Tue Dec 08 22:12:48 MST 2015,00:30:15,559000,559000,307.99,27,2,1,1,16.69,5.8,,PROJECT_A_QA_System_Test_SETUPA_Linux_Benchmarks
310,19487,RHEL_SETUPA_310_Upload10K40P1000L,Upload:10K Format:40 Overhead:1000,604,471,PROJECT_A,1,DBG,Wed Dec 16 03:06:12 MST 2015,Wed Dec 16 04:06:11 MST 2015,01:00:01,1073500,1073500,298.05,27,2,1,1,16.77,5.79,,PROJECT_A_QA_System_Test_SETUPA_Linux_Benchmarks
310,19487,RHEL_SETUPA_310_Upload10K40P1000L,Upload:10K Format:40 Overhead:1000,606,472,PROJECT_A,1,DBG,Wed Dec 16 07:09:55 MST 2015,Wed Dec 16 08:09:56 MST 2015,01:00:15,1121500,1121500,310.24,27,3,1,1,16.76,5.83,,PROJECT_A_QA_System_Test_SETUPA_Linux_Benchmarks
310,19487,RHEL_SETUPA_310_Upload10K40P1000L,Upload:10K Format:40 Overhead:1000,614,476,PROJECT_A,1,OK,Thu Dec 17 07:19:22 MST 2015,Thu Dec 17 07:49:21 MST 2015,00:30:15,544500,544500,300,27,4,1,1,16.67,5.86,,PROJECT_A_QA_System_Test_SETUPA_Linux_Benchmarks
310,19495,RHEL_SETUPA_310_Upload10K40P1000L,Upload:10K Format:40 Overhead:1000,616,477,PROJECT_A,1,OK,Thu Dec 17 22:50:18 MST 2015,Thu Dec 17 23:20:14 MST 2015,00:30:15,545000,545000,300.28,27,0,1,1,16.57,5.86,,PROJECT_A_QA_System_Test_SETUPA_Linux_Benchmarks
310,19495,RHEL_SETUPA_310_Upload10K40P1000L,Upload:10K Format:40 Overhead:1000,618,478,PROJECT_A,1,DBG,Fri Dec 18 01:43:22 MST 2015,Fri Dec 18 02:43:24 MST 2015,01:00:15,1086000,1086000,300.41,27,2,1,1,16.47,5.67,,PROJECT_A_QA_System_Test_SETUPA_Linux_Benchmarks
310,19526,RHEL_SETUPA_310_Upload10K40P1000L,Upload:10K Format:40 Overhead:1000,652,540,PROJECT_A,1,DBG,Thu Dec 31 03:10:14 MST 2015,Thu Dec 31 03:20:15 MST 2015,00:10:15,163000,163000,265.04,29,4,1,1,14.89,5.55,,PROJECT_A_QA_System_Test_SETUPA_Linux_Benchmarks
310,19526,RHEL_SETUPA_310_Upload10K40P1000L,Upload:10K Format:40 Overhead:1000,674,552,PROJECT_A,1,OK,Mon Jan 04 22:45:58 MST 2016,Mon Jan 04 23:16:01 MST 2016,00:30:15,524000,524000,288.71,29,4,1,1,15.72,5.49,,PROJECT_A_QA_System_Test_SETUPA_Linux_Benchmarks
310,19533,RHEL_SETUPA_310_Upload10K40P1000L,Upload:10K Format:40 Overhead:1000,680,556,PROJECT_A,1,OK,Wed Jan 06 22:20:31 MST 2016,Wed Jan 06 22:50:30 MST 2016,00:30:15,530500,530500,292.29,29,0,2,1,15.37,5.72,,PROJECT_A_QA_System_Test_SETUPA_Linux_Benchmarks
310,19533,RHEL_SETUPA_310_Upload10K40P1000L,Upload:10K Format:40 Overhead:1000,684,558,PROJECT_A,1,DBG,Thu Jan 07 05:54:02 MST 2016,Thu Jan 07 06:54:03 MST 2016,01:00:15,1106000,1106000,305.95,29,0,0,1,16.29,5.94,,PROJECT_A_QA_System_Test_SETUPA_Linux_Benchmarks
310,19533,RHEL_SETUPA_310_Upload10K40P1000L,Upload:10K Format:40 Overhead:1000,686,559,PROJECT_A,1,DBG,Thu Jan 07 08:44:51 MST 2016,Thu Jan 07 09:44:52 MST 2016,01:00:15,1102000,1102000,304.84,29,0,0,1,16.18,5.99,,PROJECT_A_QA_System_Test_SETUPA_Linux_Benchmarks
310,19533,RHEL_SETUPA_310_Upload10K40P1000L,Upload:10K Format:40 Overhead:1000,698,567,PROJECT_A,1,OK,Sun Jan 10 23:19:56 MST 2016,Sun Jan 10 23:49:55 MST 2016,00:30:15,499500,499500,275.21,29,0,0,1,15.33,5.62,,PROJECT_A_QA_System_Test_SETUPA_Linux_Benchmarks
310,19533,RHEL_SETUPA_310_Upload10K40P1000L,Upload:10K Format:40 Overhead:1000,700,568,PROJECT_A,1,OK,Mon Jan 11 03:30:55 MST 2016,Mon Jan 11 04:00:57 MST 2016,00:30:15,550500,550500,303.31,29,0,0,1,15.83,5.9,,PROJECT_A_QA_System_Test_SETUPA_Linux_Benchmarks
310,19533,RHEL_SETUPA_310_Upload10K40P1000L,Upload:10K Format:40 Overhead:1000,702,569,PROJECT_A,1,OK,Mon Jan 11 05:48:13 MST 2016,Mon Jan 11 06:18:15 MST 2016,00:30:15,554500,554500,305.51,29,0,0,1,16.19,6.05,,PROJECT_A_QA_System_Test_SETUPA_Linux_Benchmarks
310,19533,RHEL_SETUPA_310_Upload10K40P1000L,Upload:10K Format:40 Overhead:1000,704,570,PROJECT_A,1,OK,Mon Jan 11 08:21:47 MST 2016,Mon Jan 11 08:51:48 MST 2016,00:30:15,554500,554500,305.51,29,0,0,1,16.1,6.05,,PROJECT_A_QA_System_Test_SETUPA_Linux_Benchmarks
310,19533,RHEL_SETUPA_310_Upload10K40P1000L,Upload:10K Format:40 Overhead:1000,706,571,PROJECT_A,1,OK,Mon Jan 11 23:25:32 MST 2016,Mon Jan 11 23:55:34 MST 2016,00:30:15,547000,547000,301.38,29,0,0,1,15.88,5.86,,PROJECT_A_QA_System_Test_SETUPA_Linux_Benchmarks
310,19533,RHEL_SETUPA_310_Upload10K40P1000L,Upload:10K Format:40 Overhead:1000,708,572,PROJECT_A,1,OK,Tue Jan 12 01:43:08 MST 2016,Tue Jan 12 02:13:10 MST 2016,00:30:15,547500,547500,301.65,29,0,0,1,15.8,6.01,,PROJECT_A_QA_System_Test_SETUPA_Linux_Benchmarks
310,19533,RHEL_SETUPA_310_Upload10K40P1000L,Upload:10K Format:40 Overhead:1000,722,582,PROJECT_A,1,DBG,Wed Jan 13 04:47:13 MST 2016,Wed Jan 13 05:47:14 MST 2016,01:00:15,1128000,1128000,312.03,29,0,0,1,16.12,5.88,,PROJECT_A_QA_System_Test_SETUPA_Linux_Benchmarks
310,19533,RHEL_SETUPA_310_Upload10K40P1000L,Upload:10K Format:40 Overhead:1000,724,583,PROJECT_A,1,DBG,Wed Jan 13 11:33:29 MST 2016,Wed Jan 13 12:33:29 MST 2016,01:00:15,1075000,1075000,297.37,29,0,0,1,16.42,6.03,,PROJECT_A_QA_System_Test_SETUPA_Linux_Benchmarks
310,19533,RHEL_SETUPA_310_Upload10K40P1000L,Upload:10K Format:40 Overhead:1000,726,584,PROJECT_A,1,OK,Wed Jan 13 23:02:55 MST 2016,Wed Jan 13 23:32:57 MST 2016,00:30:15,548000,548000,301.93,29,0,0,1,15.7,5.84,,PROJECT_A_QA_System_Test_SETUPA_Linux_Benchmarks
310,19533,RHEL_SETUPA_310_Upload10K40P1000L,Upload:10K Format:40 Overhead:1000,734,588,PROJECT_A,1,DBG,Thu Jan 14 08:13:21 MST 2016,Thu Jan 14 09:13:23 MST 2016,01:00:15,1087500,1087500,300.83,29,2,1,1,16.44,5.55,,PROJECT_A_QA_System_Test_SETUPA_Linux_Benchmarks
310,19533,RHEL_SETUPA_310_Upload10K40P1000L,Upload:10K Format:40 Overhead:1000,740,591,PROJECT_A,1,DBG,Fri Jan 15 06:19:12 MST 2016,Fri Jan 15 21:19:20 MST 2016,15:00:15,13953000,13953000,258.32,29,2,0,0,13.81,4.83,,PROJECT_A_QA_System_Test_SETUPA_Linux_Benchmarks
310,19556,RHEL_SETUPA_310_Upload10K40P1000L,Upload:10K Format:40 Overhead:1000,752,597,PROJECT_A,1,OK,Tue Jan 19 07:48:13 MST 2016,Tue Jan 19 08:18:16 MST 2016,00:30:15,529500,529500,291.74,29,2,1,1,16.2,5.65,,PROJECT_A_QA_System_Test_SETUPA_Linux_Benchmarks
310,19556,RHEL_SETUPA_310_Upload10K40P1000L,Upload:10K Format:40 Overhead:1000,754,598,PROJECT_A,1,OK,Tue Jan 19 10:23:09 MST 2016,Tue Jan 19 10:53:10 MST 2016,00:30:15,536000,536000,295.32,29,0,3,1,16.47,5.69,,PROJECT_A_QA_System_Test_SETUPA_Linux_Benchmarks
310,19556,RHEL_SETUPA_310_Upload10K40P1000L,Upload:10K Format:40 Overhead:1000,758,600,PROJECT_A,1,OK,Wed Jan 20 03:30:52 MST 2016,Wed Jan 20 04:00:48 MST 2016,00:30:15,528500,528500,291.18,29,2,1,1,16.33,5.72,,PROJECT_A_QA_System_Test_SETUPA_Linux_Benchmarks
310,19556,RHEL_SETUPA_310_Upload10K40P1000L,Upload:10K Format:40 Overhead:1000,760,601,PROJECT_A,1,OK,Wed Jan 20 05:39:57 MST 2016,Wed Jan 20 06:09:59 MST 2016,00:30:15,533500,533500,293.94,29,2,1,1,16.45,5.69,,PROJECT_A_QA_System_Test_SETUPA_Linux_Benchmarks
310,19556,RHEL_SETUPA_310_Upload10K40P1000L,Upload:10K Format:40 Overhead:1000,762,602,PROJECT_A,1,OK,Wed Jan 20 07:59:53 MST 2016,Wed Jan 20 08:29:54 MST 2016,00:30:15,527000,527000,290.36,29,2,1,1,16.33,5.68,,PROJECT_A_QA_System_Test_SETUPA_Linux_Benchmarks
310,19308,RHEL_SETUPA_310_Upload1M40P1000L,Upload:1M Format:40 Overhead:1000,346,294,PROJECT_A,3,DBG,Thu Oct 29 00:54:14 MST 2015,Thu Oct 29 00:59:29 MST 2015,00:05:15,34251,34251,108.73,2,2,2,0,8.96,3.67,,PROJECT_A_QA_System_Test_SETUPA_Linux_Benchmarks
310,19308,RHEL_SETUPA_310_Upload1M40P1000L,Upload:1M Format:40 Overhead:1000,362,299,PROJECT_A,3,DBG,Thu Oct 29 10:09:48 MST 2015,Thu Oct 29 10:15:03 MST 2015,00:05:15,32118,32118,101.96,2,2,4,2,8.59,3.62,,PROJECT_A_QA_System_Test_SETUPA_Linux_Benchmarks
310,19308,RHEL_SETUPA_310_Upload1M40P1000L,Upload:1M Format:40 Overhead:1000,364,300,PROJECT_A,3,DBG,Thu Oct 29 12:56:38 MST 2015,Thu Oct 29 13:01:53 MST 2015,00:05:15,33973,33829,107.39,2,2,3,2,8.77,3.5,,PROJECT_A_QA_System_Test_SETUPA_Linux_Benchmarks
310,19308,RHEL_SETUPA_310_Upload1M40P1000L,Upload:1M Format:40 Overhead:1000,366,301,PROJECT_A,3,DBG,Thu Oct 29 15:41:51 MST 2015,Thu Oct 29 15:47:06 MST 2015,00:05:15,34955,34955,110.97,2,2,2,2,8.6,3.55,,PROJECT_A_QA_System_Test_SETUPA_Linux_Benchmarks
310,19308,RHEL_SETUPA_310_Upload1M40P1000L,Upload:1M Format:40 Overhead:1000,368,302,PROJECT_A,3,DBG,Thu Oct 29 18:26:28 MST 2015,Thu Oct 29 18:31:43 MST 2015,00:05:15,34248,34248,108.72,2,2,2,2,8.75,3.59,,PROJECT_A_QA_System_Test_SETUPA_Linux_Benchmarks
310,19308,RHEL_SETUPA_310_Upload1M40P1000L,Upload:1M Format:40 Overhead:1000,370,303,PROJECT_A,3,DBG,Thu Oct 29 21:12:06 MST 2015,Thu Oct 29 21:17:24 MST 2015,00:05:18,35289,35289,110.97,2,2,2,2,8.79,3.58,,PROJECT_A_QA_System_Test_SETUPA_Linux_Benchmarks
310,19308,RHEL_SETUPA_310_Upload1M40P1000L,Upload:1M Format:40 Overhead:1000,372,304,PROJECT_A,3,DBG,Fri Oct 30 00:14:22 MST 2015,Fri Oct 30 00:19:37 MST 2015,00:05:15,33240,33240,105.52,2,2,4,2,8.73,3.54,,PROJECT_A_QA_System_Test_SETUPA_Linux_Benchmarks
310,19308,RHEL_SETUPA_310_Upload1M40P1000L,Upload:1M Format:40 Overhead:1000,392,315,PROJECT_A,3,DBG,Fri Oct 30 12:03:54 MST 2015,Fri Oct 30 12:09:09 MST 2015,00:05:15,35528,35528,112.79,2,2,2,2,9.24,3.71,,PROJECT_A_QA_System_Test_SETUPA_Linux_Benchmarks
310,19308,RHEL_SETUPA_310_Upload1M40P1000L,Upload:1M Format:40 Overhead:1000,394,316,PROJECT_A,3,DBG,Fri Oct 30 17:59:50 MST 2015,Fri Oct 30 18:05:05 MST 2015,00:05:15,42411,42411,134.64,2,2,1,2,10.08,3.54,,PROJECT_A_QA_System_Test_SETUPA_Linux_Benchmarks
310,19308,RHEL_SETUPA_310_Upload1M40P1000L,Upload:1M Format:40 Overhead:1000,396,317,PROJECT_A,3,DBG,Sat Oct 31 00:12:09 MST 2015,Sat Oct 31 00:17:24 MST 2015,00:05:15,19717,19664,62.43,2,2,1,2,4.88,2.12,,PROJECT_A_QA_System_Test_SETUPA_Linux_Benchmarks
310,19308,RHEL_SETUPA_310_Upload1M40P1000L,Upload:1M Format:40 Overhead:1000,398,318,PROJECT_A,3,DBG,Sat Oct 31 05:38:23 MST 2015,Sat Oct 31 05:43:38 MST 2015,00:05:15,33092,33092,105.05,2,2,3,2,9.17,3.76,,PROJECT_A_QA_System_Test_SETUPA_Linux_Benchmarks
310,19308,RHEL_SETUPA_310_Upload1M40P1000L,Upload:1M Format:40 Overhead:1000,400,319,PROJECT_A,3,DBG,Sat Oct 31 11:53:18 MST 2015,Sat Oct 31 11:58:35 MST 2015,00:05:17,34186,34186,107.84,2,2,2,2,9.02,3.78,,PROJECT_A_QA_System_Test_SETUPA_Linux_Benchmarks
310,19308,RHEL_SETUPA_310_Upload1M40P1000L,Upload:1M Format:40 Overhead:1000,402,320,PROJECT_A,3,DBG,Sat Oct 31 17:48:47 MST 2015,Sat Oct 31 17:54:02 MST 2015,00:05:15,40147,40147,127.45,2,2,1,2,9.04,3.5,,PROJECT_A_QA_System_Test_SETUPA_Linux_Benchmarks
310,19308,RHEL_SETUPA_310_Upload1M40P1000L,Upload:1M Format:40 Overhead:1000,404,321,PROJECT_A,3,DBG,Sun Nov 01 00:05:21 MST 2015,Sun Nov 01 00:10:36 MST 2015,00:05:15,40169,40169,127.52,2,2,2,2,8.93,3.4,,PROJECT_A_QA_System_Test_SETUPA_Linux_Benchmarks
310,19308,RHEL_SETUPA_310_Upload1M40P1000L,Upload:1M Format:40 Overhead:1000,406,322,PROJECT_A,3,DBG,Sun Nov 01 06:29:17 MST 2015,Sun Nov 01 06:34:33 MST 2015,00:05:16,35041,35041,110.89,2,2,2,2,9.04,3.77,,PROJECT_A_QA_System_Test_SETUPA_Linux_Benchmarks
310,19308,RHEL_SETUPA_310_Upload1M40P1000L,Upload:1M Format:40 Overhead:1000,408,323,PROJECT_A,3,DBG,Sun Nov 01 12:21:41 MST 2015,Sun Nov 01 12:26:56 MST 2015,00:05:15,36476,36476,115.8,2,2,2,2,9.26,3.79,,PROJECT_A_QA_System_Test_SETUPA_Linux_Benchmarks
310,19308,RHEL_SETUPA_310_Upload1M40P1000L,Upload:1M Format:40 Overhead:1000,410,324,PROJECT_A,3,DBG,Sun Nov 01 18:21:32 MST 2015,Sun Nov 01 18:26:47 MST 2015,00:05:15,34912,34912,110.83,2,2,2,2,9.06,3.93,,PROJECT_A_QA_System_Test_SETUPA_Linux_Benchmarks
310,19308,RHEL_SETUPA_310_Upload1M40P1000L,Upload:1M Format:40 Overhead:1000,412,325,PROJECT_A,3,DBG,Mon Nov 02 00:14:26 MST 2015,Mon Nov 02 00:19:41 MST 2015,00:05:15,17497,17472,55.47,2,2,2,2,5.15,2.12,,PROJECT_A_QA_System_Test_SETUPA_Linux_Benchmarks
310,19308,RHEL_SETUPA_310_Upload1M40P1000L,Upload:1M Format:40 Overhead:1000,414,326,PROJECT_A,3,OK,Mon Nov 02 05:33:10 MST 2015,Mon Nov 02 05:53:26 MST 2015,00:20:16,146279,146279,120.3,2,2,2,0,7.62,2.73,,PROJECT_A_QA_System_Test_SETUPA_Linux_Benchmarks
310,19308,RHEL_SETUPA_310_Upload1M40P1000L,Upload:1M Format:40 Overhead:1000,416,327,PROJECT_A,3,OK,Mon Nov 02 07:50:39 MST 2015,Mon Nov 02 08:10:55 MST 2015,00:20:16,148185,148185,121.86,2,2,1,0,7.64,2.76,,PROJECT_A_QA_System_Test_SETUPA_Linux_Benchmarks
310,19308,RHEL_SETUPA_310_Upload1M40P1000L,Upload:1M Format:40 Overhead:1000,418,328,PROJECT_A,3,OK,Mon Nov 02 10:08:41 MST 2015,Mon Nov 02 10:28:56 MST 2015,00:20:15,151401,151401,124.61,2,2,1,0,7.69,2.75,,PROJECT_A_QA_System_Test_SETUPA_Linux_Benchmarks
310,19308,RHEL_SETUPA_310_Upload1M40P1000L,Upload:1M Format:40 Overhead:1000,428,335,PROJECT_A,3,OK,Tue Nov 03 09:09:10 MST 2015,Tue Nov 03 09:29:25 MST 2015,00:20:15,143377,143377,118.01,2,2,1,0,7.16,2.61,,PROJECT_A_QA_System_Test_SETUPA_Linux_Benchmarks
310,19375,RHEL_SETUPA_310_Upload1M40P1000L,Upload:1M Format:40 Overhead:1000,458,374,PROJECT_A,3,OK,Tue Nov 24 07:13:36 MST 2015,Tue Nov 24 07:33:51 MST 2015,00:20:15,148310,148310,122.07,0,0,2,0,6.91,2.67,,PROJECT_A_QA_System_Test_SETUPA_Linux_Benchmarks
310,19375,RHEL_SETUPA_310_Upload1M40P1000L,Upload:1M Format:40 Overhead:1000,460,375,PROJECT_A,3,OK,Tue Nov 24 09:32:31 MST 2015,Tue Nov 24 09:52:46 MST 2015,00:20:15,148932,148932,122.58,0,0,6,0,7.36,2.72,,PROJECT_A_QA_System_Test_SETUPA_Linux_Benchmarks
310,19375,RHEL_SETUPA_310_Upload1M40P1000L,Upload:1M Format:40 Overhead:1000,462,376,PROJECT_A,3,OK,Tue Nov 24 11:50:05 MST 2015,Tue Nov 24 12:10:20 MST 2015,00:20:15,148336,148336,122.09,0,0,2,0,6.76,2.67,,PROJECT_A_QA_System_Test_SETUPA_Linux_Benchmarks
310,19375,RHEL_SETUPA_310_Upload1M40P1000L,Upload:1M Format:40 Overhead:1000,464,377,PROJECT_A,3,OK,Tue Nov 24 14:07:09 MST 2015,Tue Nov 24 14:27:24 MST 2015,00:20:15,149737,149737,123.24,0,0,0,0,6.91,2.71,,PROJECT_A_QA_System_Test_SETUPA_Linux_Benchmarks
310,19375,RHEL_SETUPA_310_Upload1M40P1000L,Upload:1M Format:40 Overhead:1000,468,382,PROJECT_A,3,DBG,Wed Nov 25 05:14:51 MST 2015,Wed Nov 25 05:20:06 MST 2015,00:05:15,38092,38092,120.93,0,0,2,1,8.38,3.49,,PROJECT_A_QA_System_Test_SETUPA_Linux_Benchmarks
310,19375,RHEL_SETUPA_310_Upload1M40P1000L,Upload:1M Format:40 Overhead:1000,502,406,PROJECT_A,3,OK,Mon Nov 30 04:22:06 MST 2015,Mon Nov 30 04:42:13 MST 2015,00:20:07,78993,78993,65.42,0,0,0,0,4.12,1.58,,PROJECT_A_QA_System_Test_SETUPA_Linux_Benchmarks
310,19375,RHEL_SETUPA_310_Upload1M40P1000L,Upload:1M Format:40 Overhead:1000,504,408,PROJECT_A,3,OK,Mon Nov 30 07:16:35 MST 2015,Mon Nov 30 07:36:39 MST 2015,00:20:04,139497,139497,115.81,0,0,5,0,7.21,3.25,,PROJECT_A_QA_System_Test_SETUPA_Linux_Benchmarks
310,19375,RHEL_SETUPA_310_Upload1M40P1000L,Upload:1M Format:40 Overhead:1000,506,409,PROJECT_A,3,KO,Mon Nov 30 09:42:08 MST 2015,Mon Nov 30 10:02:07 MST 2015,00:20:15,141812,141169,116.19,0,0,13,7,7.7,2.85,,PROJECT_A_QA_System_Test_SETUPA_Linux_Benchmarks
310,19413,RHEL_SETUPA_310_Upload1M40P1000L,Upload:1M Format:40 Overhead:1000,524,419,PROJECT_A,3,KO,Fri Dec 04 00:11:42 MST 2015,Fri Dec 04 00:31:40 MST 2015,00:20:15,61500,60634,49.9,0,0,196,198,6.14,2.95,,PROJECT_A_QA_System_Test_SETUPA_Linux_Benchmarks
310,19417,RHEL_SETUPA_310_Upload1M40P1000L,Upload:1M Format:40 Overhead:1000,528,422,PROJECT_A,3,DBG,Fri Dec 04 05:53:49 MST 2015,Fri Dec 04 05:58:54 MST 2015,00:05:15,38000,38000,120.63,0,0,0,1,8.77,3.59,,PROJECT_A_QA_System_Test_SETUPA_Linux_Benchmarks
310,19441,RHEL_SETUPA_310_Upload1M40P1000L,Upload:1M Format:40 Overhead:1000,534,426,PROJECT_A,3,OK,Mon Dec 07 01:23:08 MST 2015,Mon Dec 07 01:43:13 MST 2015,00:20:15,96000,96000,79.01,0,0,5,4,5.07,2.01,,PROJECT_A_QA_System_Test_SETUPA_Linux_Benchmarks
310,19441,RHEL_SETUPA_310_Upload1M40P1000L,Upload:1M Format:40 Overhead:1000,536,427,PROJECT_A,3,DBG,Mon Dec 07 05:17:46 MST 2015,Mon Dec 07 05:22:51 MST 2015,00:05:15,39000,39000,123.81,0,0,2,1,8.92,3.79,,PROJECT_A_QA_System_Test_SETUPA_Linux_Benchmarks
310,19456,RHEL_SETUPA_310_Upload1M40P1000L,Upload:1M Format:40 Overhead:1000,544,431,PROJECT_A,3,OK,Tue Dec 08 05:45:54 MST 2015,Tue Dec 08 06:06:00 MST 2015,00:20:15,137000,137000,112.76,0,0,2,0,6.95,3.02,,PROJECT_A_QA_System_Test_SETUPA_Linux_Benchmarks
310,19456,RHEL_SETUPA_310_Upload1M40P1000L,Upload:1M Format:40 Overhead:1000,546,432,PROJECT_A,3,OK,Tue Dec 08 09:03:13 MST 2015,Tue Dec 08 09:23:19 MST 2015,00:20:15,145500,145500,119.75,0,0,1,0,7.53,3.71,,PROJECT_A_QA_System_Test_SETUPA_Linux_Benchmarks
310,19458,RHEL_SETUPA_310_Upload1M40P1000L,Upload:1M Format:40 Overhead:1000,548,433,PROJECT_A,3,OK,Tue Dec 08 11:39:37 MST 2015,Tue Dec 08 11:59:47 MST 2015,00:20:15,96500,96500,79.42,0,0,2,0,5.11,2.63,,PROJECT_A_QA_System_Test_SETUPA_Linux_Benchmarks
310,19459,RHEL_SETUPA_310_Upload1M40P1000L,Upload:1M Format:40 Overhead:1000,550,434,PROJECT_A,3,OK,Tue Dec 08 13:55:54 MST 2015,Tue Dec 08 14:16:04 MST 2015,00:20:15,130000,130000,107,0,0,1,0,6.8,3.05,,PROJECT_A_QA_System_Test_SETUPA_Linux_Benchmarks
310,19459,RHEL_SETUPA_310_Upload1M40P1000L,Upload:1M Format:40 Overhead:1000,552,435,PROJECT_A,3,OK,Tue Dec 08 16:10:57 MST 2015,Tue Dec 08 16:30:59 MST 2015,00:20:15,128000,128000,105.35,0,0,1,0,6.6,3.08,,PROJECT_A_QA_System_Test_SETUPA_Linux_Benchmarks
310,19459,RHEL_SETUPA_310_Upload1M40P1000L,Upload:1M Format:40 Overhead:1000,554,436,PROJECT_A,3,OK,Tue Dec 08 18:27:45 MST 2015,Tue Dec 08 18:47:48 MST 2015,00:20:15,144000,144000,118.52,0,0,3,0,7.73,3.01,,PROJECT_A_QA_System_Test_SETUPA_Linux_Benchmarks
310,19459,RHEL_SETUPA_310_Upload1M40P1000L,Upload:1M Format:40 Overhead:1000,556,437,PROJECT_A,3,OK,Tue Dec 08 20:46:51 MST 2015,Tue Dec 08 21:07:00 MST 2015,00:20:15,91500,91500,75.31,0,0,4,0,5,1.91,,PROJECT_A_QA_System_Test_SETUPA_Linux_Benchmarks
310,19459,RHEL_SETUPA_310_Upload1M40P1000L,Upload:1M Format:40 Overhead:1000,558,438,PROJECT_A,3,OK,Tue Dec 08 23:03:57 MST 2015,Tue Dec 08 23:24:01 MST 2015,00:20:15,141000,141000,116.05,0,0,1,0,7.31,3.59,,PROJECT_A_QA_System_Test_SETUPA_Linux_Benchmarks
310,19487,RHEL_SETUPA_310_Upload1M40P1000L,Upload:1M Format:40 Overhead:1000,606,472,PROJECT_A,3,DBG,Wed Dec 16 11:37:38 MST 2015,Wed Dec 16 11:42:33 MST 2015,00:05:15,42500,41627,132.15,0,0,7,8,9.64,3.79,,PROJECT_A_QA_System_Test_SETUPA_Linux_Benchmarks
310,19495,RHEL_SETUPA_310_Upload1M40P1000L,Upload:1M Format:40 Overhead:1000,616,477,PROJECT_A,3,OK,Fri Dec 18 00:10:40 MST 2015,Fri Dec 18 00:30:50 MST 2015,00:20:15,101845,101845,83.82,0,0,4,0,5.94,0.24,,PROJECT_A_QA_System_Test_SETUPA_Linux_Benchmarks
310,19495,RHEL_SETUPA_310_Upload1M40P1000L,Upload:1M Format:40 Overhead:1000,618,478,PROJECT_A,3,DBG,Fri Dec 18 03:41:36 MST 2015,Fri Dec 18 03:46:40 MST 2015,00:05:15,45000,45000,142.86,0,0,0,1,9.78,4.23,,PROJECT_A_QA_System_Test_SETUPA_Linux_Benchmarks
310,19533,RHEL_SETUPA_310_Upload1M40P1000L,Upload:1M Format:40 Overhead:1000,680,556,PROJECT_A,3,KO,Wed Jan 06 23:42:28 MST 2016,Thu Jan 07 00:02:27 MST 2016,00:20:15,149500,149031,122.66,1,0,5,0,7.55,2.92,,PROJECT_A_QA_System_Test_SETUPA_Linux_Benchmarks
310,19533,RHEL_SETUPA_310_Upload1M40P1000L,Upload:1M Format:40 Overhead:1000,684,558,PROJECT_A,3,DBG,Thu Jan 07 07:57:47 MST 2016,Thu Jan 07 08:02:50 MST 2016,00:05:15,43000,43000,136.51,1,0,2,1,9.96,4.11,,PROJECT_A_QA_System_Test_SETUPA_Linux_Benchmarks
310,19533,RHEL_SETUPA_310_Upload1M40P1000L,Upload:1M Format:40 Overhead:1000,686,559,PROJECT_A,3,DBG,Thu Jan 07 10:45:23 MST 2016,Thu Jan 07 10:50:29 MST 2016,00:05:15,43000,43000,136.51,1,0,2,1,10.02,4.76,,PROJECT_A_QA_System_Test_SETUPA_Linux_Benchmarks
310,19533,RHEL_SETUPA_310_Upload1M40P1000L,Upload:1M Format:40 Overhead:1000,700,568,PROJECT_A,3,OK,Mon Jan 11 04:52:37 MST 2016,Mon Jan 11 05:12:45 MST 2016,00:20:15,154500,154500,127.16,1,0,1,0,7.86,3.27,,PROJECT_A_QA_System_Test_SETUPA_Linux_Benchmarks
310,19533,RHEL_SETUPA_310_Upload1M40P1000L,Upload:1M Format:40 Overhead:1000,702,569,PROJECT_A,3,OK,Mon Jan 11 07:10:42 MST 2016,Mon Jan 11 07:30:47 MST 2016,00:20:15,153500,153500,126.34,1,0,1,0,7.55,2.97,,PROJECT_A_QA_System_Test_SETUPA_Linux_Benchmarks
310,19533,RHEL_SETUPA_310_Upload1M40P1000L,Upload:1M Format:40 Overhead:1000,706,571,PROJECT_A,3,OK,Tue Jan 12 00:47:21 MST 2016,Tue Jan 12 01:07:28 MST 2016,00:20:15,151000,151000,124.28,1,0,2,1,7.43,3.31,,PROJECT_A_QA_System_Test_SETUPA_Linux_Benchmarks
310,19533,RHEL_SETUPA_310_Upload1M40P1000L,Upload:1M Format:40 Overhead:1000,708,572,PROJECT_A,3,OK,Tue Jan 12 03:05:00 MST 2016,Tue Jan 12 03:25:03 MST 2016,00:20:15,153000,153000,125.93,1,0,0,0,7.55,2.96,,PROJECT_A_QA_System_Test_SETUPA_Linux_Benchmarks
310,19533,RHEL_SETUPA_310_Upload1M40P1000L,Upload:1M Format:40 Overhead:1000,722,582,PROJECT_A,3,DBG,Wed Jan 13 09:13:40 MST 2016,Wed Jan 13 09:18:35 MST 2016,00:05:15,43000,42451,134.77,1,0,0,1,9.99,4.05,,PROJECT_A_QA_System_Test_SETUPA_Linux_Benchmarks
310,19533,RHEL_SETUPA_310_Upload1M40P1000L,Upload:1M Format:40 Overhead:1000,724,583,PROJECT_A,3,DBG,Wed Jan 13 15:53:41 MST 2016,Wed Jan 13 15:58:35 MST 2016,00:05:15,41500,40815,129.57,1,0,6,7,9.18,3.75,,PROJECT_A_QA_System_Test_SETUPA_Linux_Benchmarks
310,19533,RHEL_SETUPA_310_Upload1M40P1000L,Upload:1M Format:40 Overhead:1000,734,588,PROJECT_A,3,DBG,Thu Jan 14 12:26:28 MST 2016,Thu Jan 14 12:31:24 MST 2016,00:05:15,44500,43955,139.54,1,0,4,5,9.99,4.08,,PROJECT_A_QA_System_Test_SETUPA_Linux_Benchmarks
310,19556,RHEL_SETUPA_310_Upload1M40P1000L,Upload:1M Format:40 Overhead:1000,752,597,PROJECT_A,3,OK,Tue Jan 19 09:11:09 MST 2016,Tue Jan 19 09:31:12 MST 2016,00:20:15,116000,116000,95.47,1,0,7,4,5.98,2.31,,PROJECT_A_QA_System_Test_SETUPA_Linux_Benchmarks
310,19556,RHEL_SETUPA_310_Upload1M40P1000L,Upload:1M Format:40 Overhead:1000,760,601,PROJECT_A,3,OK,Wed Jan 20 07:01:54 MST 2016,Wed Jan 20 07:21:59 MST 2016,00:20:15,150500,150500,123.87,1,0,3,0,7.58,2.98,,PROJECT_A_QA_System_Test_SETUPA_Linux_Benchmarks
310,19556,RHEL_SETUPA_310_Upload1M40P1000L,Upload:1M Format:40 Overhead:1000,762,602,PROJECT_A,3,OK,Wed Jan 20 09:22:02 MST 2016,Wed Jan 20 09:42:07 MST 2016,00:20:15,154000,154000,126.75,1,0,2,0,8.05,2.93,,PROJECT_A_QA_System_Test_SETUPA_Linux_Benchmarks
